response,stim,subj_idx,rt
1.0,CP,17991,1.061641823966056
1.0,SS,17991,0.8477577275280055
1.0,CS,17991,0.9304584711371717
1.0,US,17991,0.8855503492450225
1.0,SS,17991,0.9682304077978188
1.0,SS,17991,0.8823385527502978
1.0,US,17991,1.0849957736209035
1.0,SS,17991,0.8961766242446174
1.0,SS,17991,0.9467479459653987
1.0,US,17991,1.0767629856018175
1.0,CP,17991,0.7600004304586037
nan,SS,17991,nan
1.0,CP,17991,0.9432769019695115
1.0,CP,17991,1.3063802560700424
1.0,CS,17991,0.8419402966428606
1.0,CP,17991,1.2605568331910035
1.0,SS,17991,0.7405581372640881
1.0,CP,17991,0.7671724092306249
1.0,US,17991,1.1384052042667463
1.0,SS,17991,1.060795544355642
1.0,CP,17991,0.8789235331660166
1.0,US,17991,1.3295975826840731
1.0,CS,17991,1.314017232032711
1.0,CS,17991,1.1139803148889769
1.0,SS,17991,0.8280877934339514
1.0,CS,17991,0.959286922492538
1.0,CP,17991,0.873799372026042
1.0,CS,17991,0.9086083765578223
1.0,CP,17991,0.7671133528965584
1.0,CS,17991,0.8177300842871773
1.0,CS,17991,0.8363883305046329
1.0,US,17991,0.823004563259019
1.0,SS,17991,0.7937495852493157
1.0,US,17991,0.8516607845176623
1.0,US,17991,0.8623429966992262
1.0,CS,17991,1.04093452088091
1.0,US,17991,0.7801736758719926
1.0,CP,17991,0.8388244027737528
1.0,US,17991,1.128898199292962
1.0,CS,17991,0.7479639681696426
1.0,SS,17991,0.8381132693448308
1.0,US,17991,1.56119969219435
1.0,SS,17991,0.6967689575412805
1.0,US,17991,0.9312433242212137
1.0,SS,17991,0.8219087124343787
1.0,CS,17991,1.5689854670199566
1.0,SS,17991,0.9605035028198472
1.0,US,17991,1.2750551090175577
1.0,SS,17991,0.6910406224924373
1.0,CP,17991,1.190094258996396
1.0,SS,17991,1.0302083518254221
1.0,CP,17991,0.8173692643449613
1.0,US,17991,1.1628911351672286
1.0,CS,17991,1.1154057339845167
1.0,CP,17991,0.9814083922647114
1.0,SS,17991,1.1680030964253092
1.0,CP,17991,1.2079665542623843
1.0,SS,17991,0.6805784022253647
1.0,CP,17991,0.6346325082868134
1.0,CP,17991,0.6772858657295728
1.0,SS,17991,0.9204258876525273
1.0,CS,17991,1.6504869916716416
1.0,CS,17991,1.1064302149625291
1.0,CP,17991,1.013689362200239
1.0,CS,17991,1.5442472247468686
1.0,US,17991,0.9922250467898266
1.0,CP,17991,1.5382600663069752
1.0,CP,17991,1.9621267001111846
1.0,CS,17991,1.0663084353782324
nan,CS,17991,nan
0.0,US,17991,3.3594398290879326
1.0,US,17991,1.2238655787132302
1.0,SS,17991,0.9753733005600225
1.0,CS,17991,0.8664440761858714
1.0,CS,17991,1.0125894838511158
1.0,US,17991,0.6792114439067518
1.0,US,17991,0.801800734585413
1.0,CS,17991,0.8524931678111898
1.0,CP,17991,0.7191608971443202
1.0,US,17991,0.7697454835306416
1.0,SS,17991,0.9648507275687734
1.0,US,17991,1.071592494385186
1.0,US,17991,1.074124174509052
1.0,SS,17991,1.2441696871155727
1.0,CS,17991,2.4201611287498963
1.0,US,17991,1.1641279343348288
1.0,SS,17991,1.4440667898761603
1.0,CP,17991,2.252029030532867
1.0,SS,17991,0.9561164148981334
1.0,SS,17991,1.463124696540035
1.0,CP,17991,1.4385466769817867
0.0,SS,17991,1.470490790599797
1.0,US,17991,1.6545990919603355
1.0,CP,17991,1.367114711445538
1.0,SS,17991,1.0469041104097414
1.0,CP,17991,1.2095961499380792
1.0,SS,17991,0.7770335777513537
1.0,CP,17991,0.8841412628335092
1.0,CP,17991,1.2782701359556086
1.0,CS,17991,0.8382413681083563
1.0,SS,17991,1.4254059929953655
1.0,CS,17991,1.5607599098984792
1.0,CP,17991,0.30477488035285205
1.0,CP,17991,0.8759474055532337
0.0,CS,17991,1.2225994017699122
1.0,US,17991,1.5185984098443441
1.0,CS,17991,1.2620270122588408
1.0,CS,17991,1.5099083367858839
1.0,CP,17991,1.110364658976323
1.0,CS,17991,0.7045860351718147
1.0,US,17991,0.7956767846626462
1.0,US,17991,0.8616558178709965
1.0,CP,17991,1.6962904363390408
1.0,CS,17991,1.5928281428805349
1.0,US,17991,1.7688230803159968
1.0,CS,17991,1.024342951581275
1.0,CS,17991,0.7953653628155735
1.0,US,17991,0.661348719653688
1.0,SS,17991,0.920608753542183
1.0,US,17991,0.9386450313486421
0,CP,18288,1.3139537033202942
1,SS,18288,1.3459648136140459
0,CS,18288,3.5852038824541523
1,US,18288,1.249746566718386
1,SS,18288,1.0652677810157911
1,SS,18288,1.3798878366269491
1,US,18288,1.4923201211149717
1,SS,18288,1.3236652530922584
1,SS,18288,1.45179245800864
1,US,18288,1.5317797512179823
1,CP,18288,2.6201183842549653
1,SS,18288,1.076094298137832
1,CP,18288,1.6307731760789466
1,CP,18288,1.2781515831266006
1,CS,18288,1.3585281991727243
1,CP,18288,1.3264858915572404
1,SS,18288,1.518037538851786
1,CP,18288,1.3259555701861245
1,US,18288,1.3504436143539351
1,SS,18288,1.341817398686544
1,CP,18288,2.1818607526947744
1,US,18288,1.549790786984886
1,CS,18288,1.6620265060919337
1,CS,18288,1.9176003499123908
1,SS,18288,1.4220926354701078
1,CS,18288,1.4455266421136912
1,CP,18288,1.9415200475905294
1,CS,18288,1.7972524911601795
1,CP,18288,1.7017534489896207
1,CS,18288,1.7092666644384735
1,CS,18288,2.269197126510335
1,US,18288,1.6292795877925528
0,SS,18288,1.9096292148187786
1,US,18288,1.4214856322141713
1,US,18288,1.4770750683437655
1,CS,18288,1.0135820796222106
1,US,18288,1.2237136355433904
1,CP,18288,1.5601519731444569
1,US,18288,2.087489722878672
1,CS,18288,1.4159671473644266
1,SS,18288,1.1679803133501991
1,US,18288,1.359322620965031
1,SS,18288,1.3113209225375613
1,US,18288,1.399699371695533
1,SS,18288,1.1757920208674477
1,CS,18288,1.7911507048374915
1,SS,18288,1.3270787940564333
1,US,18288,1.4951036548609409
1,SS,18288,1.3190897472741199
1,CP,18288,1.454945453817345
1,SS,18288,1.3269907966750907
1,CP,18288,1.6071911445833393
1,US,18288,1.4547414981734619
1,CS,18288,1.7375684427406668
1,CP,18288,1.671336936280568
1,SS,18288,1.2546537260459445
1,CP,18288,1.343040254263542
1,SS,18288,1.3110773957450874
1,CP,18288,1.302546056387655
1,CP,18288,1.6223550367958524
1,SS,18288,1.2144785848431638
1,CS,18288,1.4229021385745
1,CS,18288,1.4143600491952384
1,CP,18288,1.0783549549159943
1,CS,18288,2.0494255923767923
1,US,18288,1.4810331607732223
1,CP,18288,1.4413991270594124
1,CP,18288,1.4567690593466978
1,CS,18288,1.6172476635765634
1,CS,18288,1.2171839779020956
1,US,18288,1.193250982561949
1,US,18288,1.2891137448277732
1,SS,18288,1.3046322644349857
1,CS,18288,1.7048841115829418
1,CS,18288,1.5128418283675273
1,US,18288,1.2644605852583481
1,US,18288,1.312429955416519
1,CS,18288,1.8483106427411258
1,CP,18288,1.2487097731427639
1,US,18288,1.4646673024344636
1,SS,18288,1.1842283575861074
1,US,18288,1.640126994365346
1,US,18288,1.4160834906324453
1,SS,18288,1.1524937670874351
1,CS,18288,1.976460141770076
1,US,18288,1.775895663029587
1,SS,18288,1.2904007426022872
0,CP,18288,1.4638718970782065
1,SS,18288,1.423907930337009
1,SS,18288,1.655717783356522
1,CP,18288,1.503805604943409
1,SS,18288,1.3361414594037342
1,US,18288,1.2156046270611114
1,CP,18288,1.2880610939191683
1,SS,18288,1.5115764449328708
1,CP,18288,1.8239370619412512
1,SS,18288,1.6154306602547877
1,CP,18288,1.303807680020327
1,CP,18288,1.4078745316128334
1,CS,18288,1.8633225066678278
1,SS,18288,1.0953433038794174
1,CS,18288,1.3301751371909631
1,CP,18288,1.5783184180108947
1,CP,18288,1.4663845657687489
1,CS,18288,2.6497192037240893
1,US,18288,2.6657758741130237
1,CS,18288,1.3457408738777303
1,CS,18288,1.377696829402339
1,CP,18288,1.4896428333195217
1,CS,18288,1.2820479396286828
1,US,18288,1.6815153540228494
1,US,18288,1.9054207888566452
1,CP,18288,1.59354356489348
1,CS,18288,1.745361739267537
1,US,18288,1.2013067071493424
1,CS,18288,1.5942607453434903
1,CS,18288,1.1372302070722071
1,US,18288,1.3322141071057558
1,SS,18288,1.2762665695245232
1,US,18288,1.1641904795178561
1,CP,18325,1.9253437953057073
1,SS,18325,1.0765652392747143
1,CS,18325,1.3271947392695438
1,US,18325,1.6071586290217965
1,SS,18325,0.9511698593328219
1,SS,18325,1.3856895838137007
1,US,18325,1.4903314180010057
1,SS,18325,1.1228910305899262
1,SS,18325,1.692167359808991
1,US,18325,1.4448176139724183
1,CP,18325,2.740796889882631
1,SS,18325,1.1081561786263592
1,CP,18325,1.774700112292976
1,CP,18325,1.2872548852506043
1,CS,18325,1.3265537542988568
1,CP,18325,1.271104391461904
1,SS,18325,1.0231010216664345
1,CP,18325,1.825072530304169
1,US,18325,1.2257058061541102
1,SS,18325,1.6649216454945872
1,CP,18325,1.296956556612713
1,US,18325,1.9049409468714202
1,CS,18325,0.9688362225408582
1,CS,18325,1.0920859613590892
1,SS,18325,1.3260733885440459
1,CS,18325,1.238019344489203
1,CP,18325,1.6945758990966624
1,CS,18325,3.365867919269249
1,CP,18325,1.8778566879557275
1,CS,18325,1.2457892599686602
1,CS,18325,1.5096997914556596
1,US,18325,1.165746249711674
1,SS,18325,1.4057527406530426
1,US,18325,0.9822076670109254
1,US,18325,0.9766462386830881
1,CS,18325,1.1469105756023055
1,US,18325,1.5947308555330437
1,CP,18325,0.9553274937586593
1,US,18325,1.0613672685710753
1,CS,18325,0.8879238743118094
1,SS,18325,0.93917626304642
1,US,18325,0.9016973149921341
1,SS,18325,1.2238190537302671
1,US,18325,2.143671802404242
1,SS,18325,0.7763270295472466
1,CS,18325,2.0347842759601917
1,SS,18325,0.8182966923670847
1,US,18325,0.9087069962602072
1,SS,18325,0.7915270064868309
1,CP,18325,1.1541014708388957
1,SS,18325,0.7619781990995307
1,CP,18325,2.036751169552417
1,US,18325,0.7165366316085056
1,CS,18325,1.5592171678079012
1,CP,18325,0.8231507705108925
1,SS,18325,0.7697335716218277
1,CP,18325,1.1248759231593795
1,SS,18325,1.223055134902097
1,CP,18325,0.7909991166945929
1,CP,18325,1.1862741104280303
1,SS,18325,1.0254791485779151
1,CS,18325,0.8607642085844418
1,CS,18325,0.8627507073460947
1,CP,18325,1.073486241089313
1,CS,18325,1.7640414150932884
1,US,18325,0.7400496305356228
1,CP,18325,0.7186494540751482
0,CP,18325,1.2172164308847186
1,CS,18325,1.2491440840594805
1,CS,18325,1.5615889782332033
1,US,18325,0.7293143384233645
1,US,18325,1.5956202949698763
1,SS,18325,1.148248479531503
1,CS,18325,1.0601750919900041
1,CS,18325,1.7900764485307263
1,US,18325,0.9268486088692498
1,US,18325,1.369234093985142
1,CS,18325,0.6732974483402359
1,CP,18325,0.931370439848024
1,US,18325,0.685899839581225
1,SS,18325,1.8885223994625449
1,US,18325,0.760517710223894
1,US,18325,0.5871981732323093
1,SS,18325,0.9343325289003133
1,CS,18325,1.0163773899880653
1,US,18325,0.8676232115822131
1,SS,18325,0.8055714966062624
1,CP,18325,0.968318583502878
1,SS,18325,0.746928810194504
1,SS,18325,0.7340495312766961
1,CP,18325,1.0241847682450498
1,SS,18325,0.7708073231133312
1,US,18325,1.0774082976568025
1,CP,18325,1.1205073030610038
1,SS,18325,0.6745614553985888
1,CP,18325,0.9332908471108112
1,SS,18325,0.8963011680486943
1,CP,18325,1.1710379761175318
1,CP,18325,0.843004881741308
1,CS,18325,0.8130380944264743
1,SS,18325,0.7835892800208057
1,CS,18325,0.7303291811629151
1,CP,18325,1.6534301105884879
1,CP,18325,0.9649391792577262
1,CS,18325,0.791408560342461
1,US,18325,0.7781106638326492
1,CS,18325,0.6926410461303476
1,CS,18325,0.6394439075986611
1,CP,18325,0.7619702914605568
1,CS,18325,0.6851790653604439
1,US,18325,0.7277869639758592
1,US,18325,0.6258067676635619
1,CP,18325,0.5484704197956489
1,CS,18325,0.6715775925165417
1,US,18325,0.6975189193797178
1,CS,18325,0.5968506421761504
1,CS,18325,0.7989439747741471
1,US,18325,0.9614162403875071
1,SS,18325,0.7166875595305555
1,US,18325,1.0387041678779951
1,CP,18333,2.4512633636236387
1,SS,18333,1.18735081395198
1,CS,18333,1.2590923631187252
1,US,18333,1.6991102252864039
1,SS,18333,1.0747144389224559
1,SS,18333,1.0452650363113207
1,US,18333,1.1684425454263874
1,SS,18333,1.1043389724582084
1,SS,18333,1.1543610957191959
1,US,18333,1.474297757495151
1,CP,18333,1.4988657792455342
1,SS,18333,0.9227490303092054
1,CP,18333,1.2929393460972278
1,CP,18333,1.6773387458683828
1,CS,18333,1.356698573619724
1,CP,18333,1.6131281121852226
1,SS,18333,1.6206319541875018
1,CP,18333,2.4685545022207407
1,US,18333,1.5810709507086358
1,SS,18333,1.036619945257371
0,CP,18333,2.5351076492470384
1,US,18333,1.3195649253557349
1,CS,18333,1.1590146665153043
1,CS,18333,1.215337105598337
1,SS,18333,1.1673784051149596
1,CS,18333,1.6868692699995336
0,CP,18333,1.3511129122816783
1,CS,18333,1.198768165123056
1,CP,18333,1.3189391522596452
1,CS,18333,1.0709707037322005
1,CS,18333,1.0813238784971873
1,US,18333,1.323848668366736
1,SS,18333,1.0924120527106425
1,US,18333,1.3424434638177445
1,US,18333,1.2543379126996115
1,CS,18333,1.6467513426623555
1,US,18333,1.3343205140718055
1,CP,18333,1.3907808862404636
1,US,18333,1.4221795764974559
1,CS,18333,1.622097474425118
1,SS,18333,1.0305463356271503
1,US,18333,1.6006016536384777
1,SS,18333,1.2326766762807893
1,US,18333,1.2326387956645704
1,SS,18333,0.9044590694443286
1,CS,18333,1.3071337548753945
1,SS,18333,0.9711064277335026
1,US,18333,0.9015778957887051
1,SS,18333,0.8962703625102222
1,CP,18333,1.1153374321152114
1,SS,18333,1.109491124226679
1,CP,18333,1.6244768366982498
1,US,18333,1.1040401595482763
1,CS,18333,1.3546251227362518
1,CP,18333,1.2751810192535231
1,SS,18333,1.0831274487918563
1,CP,18333,1.0851304893740235
1,SS,18333,1.0878912655944077
0,CP,18333,1.5389312831071038
1,CP,18333,1.370743045060408
1,SS,18333,1.0503686988463414
1,CS,18333,1.3093640400506956
1,CS,18333,1.1009325082968644
1,CP,18333,1.58367754855135
1,CS,18333,1.1758399974601161
1,US,18333,1.0715670782938105
1,CP,18333,1.0906385125945235
1,CP,18333,1.1570290984195708
1,CS,18333,1.6366636901398124
1,CS,18333,2.180596852472263
1,US,18333,1.5566133674665252
1,US,18333,1.1810804621363786
1,SS,18333,0.9490283451250434
1,CS,18333,1.159589315518133
1,CS,18333,0.9990401725826814
1,US,18333,1.1620777477364754
1,US,18333,1.081655296288318
1,CS,18333,1.2127085325464577
1,CP,18333,1.3961218756162452
1,US,18333,1.604126737606748
1,SS,18333,1.1000090893294328
1,US,18333,1.1430769613557459
1,US,18333,1.4711903318302575
1,SS,18333,1.22265569833462
1,CS,18333,1.1990032030053044
1,US,18333,1.5429644227137942
1,SS,18333,1.1183984710196455
0,CP,18333,2.000934147564294
1,SS,18333,2.8733016008345658
1,SS,18333,1.4895156978668638
1,CP,18333,1.1773359689723293
1,SS,18333,0.9692646760399839
1,US,18333,1.3795623346113643
1,CP,18333,1.0675349643574918
1,SS,18333,1.1584280674019283
1,CP,18333,1.1819870312378953
1,SS,18333,0.846290929386214
1,CP,18333,1.1931626099944879
1,CP,18333,2.1609560569349924
1,CS,18333,1.1128083550843257
1,SS,18333,0.9636110678129626
1,CS,18333,0.9741936137074845
0,CP,18333,0.992404116716898
1,CP,18333,1.3390892847710347
1,CS,18333,1.5869313623129528
1,US,18333,1.6274621534730613
1,CS,18333,1.25126147370338
1,CS,18333,1.1152437231594376
1,CP,18333,1.2773974443466614
1,CS,18333,1.7334597746130385
1,US,18333,1.1658990819432802
1,US,18333,1.445596510582618
1,CP,18333,1.653597988763977
1,CS,18333,1.341565138243368
1,US,18333,1.1416137120304484
1,CS,18333,1.0558608226751858
1,CS,18333,0.9784513450017585
1,US,18333,1.5092609643775177
1,SS,18333,1.0849882490747405
1,US,18333,1.1435711990216078
1,CP,18334,1.2443533054383806
1,SS,18334,1.140274274026524
1,CS,18334,1.3422288310575823
1,US,18334,1.302883407804984
1,SS,18334,1.2547938336138031
1,SS,18334,1.1581993760428304
1,US,18334,1.8381367296187818
1,SS,18334,1.2380505352266482
1,SS,18334,1.3499612862142385
1,US,18334,1.4619986879170028
1,CP,18334,1.501799075593226
1,SS,18334,1.0224881835720225
1,CP,18334,1.3284479478243156
1,CP,18334,1.601062657786315
1,CS,18334,1.1848173875987413
1,CP,18334,1.82431539708341
1,SS,18334,1.2088499884703197
1,CP,18334,1.3928840755434067
1,US,18334,1.5927667577925604
1,SS,18334,1.1839930826590717
1,CP,18334,2.063959828420593
1,US,18334,1.1365849565036115
1,CS,18334,1.795111851519323
1,CS,18334,1.4350451679210892
1,SS,18334,1.2905640504104667
1,CS,18334,1.6447598250779265
1,CP,18334,1.3730098813912264
1,CS,18334,1.0216926094271912
1,CP,18334,1.1835904574909364
1,CS,18334,1.0555223033961738
1,CS,18334,1.4101459118573985
1,US,18334,0.9147725378397809
1,SS,18334,1.0454357066228113
1,US,18334,0.9679309980310791
1,US,18334,1.033956601686441
1,CS,18334,1.2052059989500776
1,US,18334,0.8605876074052503
1,CP,18334,1.1512603715000296
1,US,18334,0.9511095351563199
1,CS,18334,0.9462959718466664
1,SS,18334,1.2370002549969286
1,US,18334,1.9643313482765734
1,SS,18334,0.9488023878830063
1,US,18334,1.1513441907090964
1,SS,18334,0.8394479017042613
1,CS,18334,1.8819756318953296
1,SS,18334,1.0418767574919912
1,US,18334,1.0685214334644115
1,SS,18334,1.0072677527159613
1,CP,18334,1.4737838275650574
1,SS,18334,1.4257443969136148
1,CP,18334,1.2576149499200255
1,US,18334,1.0415809253418047
1,CS,18334,1.2116150147558074
1,CP,18334,1.412212730475403
1,SS,18334,1.0361457487661028
1,CP,18334,1.4948828433361996
1,SS,18334,1.1187440195972158
1,CP,18334,1.2813866666228932
1,CP,18334,1.9371725769415207
1,SS,18334,1.0973634588708592
1,CS,18334,1.6112577439935194
1,CS,18334,1.3632204311888927
1,CP,18334,1.2116213281906312
1,CS,18334,1.2595904568224796
1,US,18334,0.9716640072992959
1,CP,18334,1.294394543461749
1,CP,18334,1.5981003599372343
1,CS,18334,1.4381892439987496
1,CS,18334,1.2135261089706546
1,US,18334,1.0783298239748547
1,US,18334,1.1207006102549713
1,SS,18334,1.0914778566866516
1,CS,18334,1.1580156096370047
1,CS,18334,1.0693716147707164
1,US,18334,0.9680783576577596
1,US,18334,1.0510880575757255
1,CS,18334,1.0378111934742265
1,CP,18334,1.4483768497320852
1,US,18334,1.0001986113848034
1,SS,18334,1.1469537749935625
1,US,18334,1.1228141224319188
1,US,18334,0.9169427145334339
1,SS,18334,0.9202085325459848
1,CS,18334,1.3388828543647833
1,US,18334,0.9859921051138372
1,SS,18334,1.061242144048265
1,CP,18334,1.1114297912226903
1,SS,18334,1.0420870710086092
1,SS,18334,0.8613607220795529
1,CP,18334,1.2078945270850454
1,SS,18334,0.903792822982723
1,US,18334,1.1139192310647559
1,CP,18334,1.1330459793662158
1,SS,18334,0.9515272566241038
1,CP,18334,1.170232084192321
1,SS,18334,0.8416232638974179
1,CP,18334,0.9827712782280287
1,CP,18334,0.9029230035530418
1,CS,18334,1.1375087033238742
1,SS,18334,0.836756714646981
1,CS,18334,1.1113819035554116
1,CP,18334,1.2819426520372872
1,CP,18334,1.1380294670461808
1,CS,18334,1.4605248239586217
1,US,18334,1.2361552230977395
1,CS,18334,1.0283893392461323
1,CS,18334,1.0304182802565265
1,CP,18334,0.8971315464596046
1,CS,18334,0.9965934168612876
1,US,18334,1.3435547939807293
1,US,18334,1.0547804821890168
1,CP,18334,1.1534982063312782
1,CS,18334,1.208847747636355
1,US,18334,0.9848153365928738
1,CS,18334,0.9394254886883573
1,CS,18334,1.0386388431215892
1,US,18334,0.9691174156723719
1,SS,18334,0.90736846557229
1,US,18334,0.8065516758624653
0,CP,18350,0.8460543460241752
1,SS,18350,0.7854103821318859
1,CS,18350,0.8597148304233997
1,US,18350,0.9024580898080785
1,SS,18350,0.8330726394979138
0,SS,18350,0.7956015400245633
1,US,18350,0.9102837007380913
1,SS,18350,0.8803576720492856
1,SS,18350,0.7393863590182264
1,US,18350,0.9497091997081952
1,CP,18350,0.8206368897385801
1,SS,18350,0.73934304582599
1,CP,18350,1.34946451058795
1,CP,18350,1.1655002496527231
1,CS,18350,0.9013644828487486
0,CP,18350,0.6718741440968188
1,SS,18350,0.8190913848193304
1,CP,18350,0.9331638371613735
1,US,18350,0.8398278370809749
1,SS,18350,0.6665831670097759
1,CP,18350,0.9969749789447633
1,US,18350,1.0322743519732285
1,CS,18350,0.7543823786163557
1,CS,18350,0.8374116768482054
1,SS,18350,0.6479653073365625
1,CS,18350,0.75470118476278
1,CP,18350,0.7571202566041393
1,CS,18350,0.7039380698224704
1,CP,18350,1.2744079557905934
1,CS,18350,0.9698900399716877
1,CS,18350,0.9568730542487174
1,US,18350,0.8397304094696665
1,SS,18350,0.6898108707428037
1,US,18350,0.9328647385164004
1,US,18350,0.7673842949579921
1,CS,18350,0.6577239769931111
1,US,18350,0.7967471769561598
1,CP,18350,0.7988630714935425
1,US,18350,1.0500058372554122
1,CS,18350,1.0521822379150763
1,SS,18350,0.6312623479361719
1,US,18350,0.8493697482754214
1,SS,18350,0.612531519035656
1,US,18350,0.6785773658493781
1,SS,18350,0.8092466632806463
1,CS,18350,0.9642497780869235
1,SS,18350,0.8382909256197308
1,US,18350,0.8814928686970234
1,SS,18350,0.827611480669475
1,CP,18350,0.9427637880326074
1,SS,18350,0.7529725673084613
1,CP,18350,1.1398038233246552
1,US,18350,0.8621601308077516
1,CS,18350,0.8326113870916743
1,CP,18350,1.1473573582297831
1,SS,18350,0.9638637733278301
1,CP,18350,1.0139332455482872
1,SS,18350,0.6645327806672867
1,CP,18350,0.8032000815464926
1,CP,18350,1.0056920415345303
1,SS,18350,0.6804667654805598
1,CS,18350,0.747937267391535
1,CS,18350,0.9337432744241596
1,CP,18350,0.8247371390571061
1,CS,18350,0.9953174161810239
1,US,18350,1.093573298553565
1,CP,18350,1.0720769163408477
1,CP,18350,0.8907050792740847
1,CS,18350,1.013467944561853
1,CS,18350,0.8244741467706262
1,US,18350,1.0670667651456824
1,US,18350,0.8371553920915176
1,SS,18350,0.8879367196277599
1,CS,18350,0.8348302226486339
1,CS,18350,0.7496218648066133
1,US,18350,0.7362609121837522
1,US,18350,0.8346475582857238
1,CS,18350,0.7734740876157957
1,CP,18350,0.7115752292656907
1,US,18350,0.754489139618272
1,SS,18350,0.876940601104252
1,US,18350,0.8798610742742312
1,US,18350,0.9300733176032736
1,SS,18350,1.0049486307552797
1,CS,18350,0.7513014150317758
1,US,18350,0.8664684338409643
1,SS,18350,0.8210441239780266
1,CP,18350,0.7836178596735408
1,SS,18350,0.7941884351102999
1,SS,18350,0.9246556825164589
1,CP,18350,0.9914883946712507
1,SS,18350,1.0340766590024941
1,US,18350,0.8362951529998099
1,CP,18350,0.7908398922518245
1,SS,18350,0.7698658250228618
1,CP,18350,0.8126361611684843
1,SS,18350,0.8231983567056886
1,CP,18350,0.7859546424651853
1,CP,18350,0.8443416702311879
1,CS,18350,0.7190412113650382
1,SS,18350,0.7138004535181608
1,CS,18350,0.7079371738136615
1,CP,18350,0.8624200911708613
1,CP,18350,0.8570977029976348
1,CS,18350,0.9716273320946129
1,US,18350,0.9747532571791453
1,CS,18350,0.8010313358909116
1,CS,18350,0.6916595710126785
1,CP,18350,0.9266657184107316
1,CS,18350,0.8173066587351059
1,US,18350,0.867394229252568
1,US,18350,0.8699903076703777
1,CP,18350,0.8011861083632539
1,CS,18350,0.9317174502693888
1,US,18350,0.8938697546254843
1,CS,18350,0.9045345242238909
1,CS,18350,0.8670266115450431
1,US,18350,0.9337731244313545
1,SS,18350,0.7602641235762349
1,US,18350,0.9068584935303079
1,CP,18547,1.6662379880217486
1,SS,18547,1.189138040492253
1,CS,18547,1.116281070657351
1,US,18547,0.9668736202365835
1,SS,18547,0.626194675788156
1,SS,18547,0.7802244701188101
1,US,18547,0.8553563298332847
1,SS,18547,0.8099529724145214
1,SS,18547,0.7724669578701651
1,US,18547,0.951169718399342
0,CP,18547,2.465661323182303
1,SS,18547,0.7774954384431112
1,CP,18547,0.9322607640583556
1,CP,18547,1.8229610117036827
1,CS,18547,0.8463104873371776
1,CP,18547,0.801569212747836
1,SS,18547,0.8121681566613006
1,CP,18547,1.0301658800603946
1,US,18547,0.7453254570245917
1,SS,18547,0.7640237662840264
1,CP,18547,0.8944314406221565
1,US,18547,1.15260749654135
1,CS,18547,0.7530747819314456
1,CS,18547,0.7552407789639801
0,SS,18547,0.6302645816758741
1,CS,18547,0.9048994502336427
1,CP,18547,0.9634842863729318
1,CS,18547,0.8301373473518652
1,CP,18547,0.7842028684772231
1,CS,18547,0.9233249573890134
1,CS,18547,0.9174551958772099
1,US,18547,1.0321684611221826
1,SS,18547,0.8272334067469274
1,US,18547,0.8056439221572873
1,US,18547,0.832279230527547
1,CS,18547,0.8111329452103746
1,US,18547,0.8136399471291043
1,CP,18547,0.7999961392692967
1,US,18547,1.1149734631603678
1,CS,18547,0.7894802147598057
1,SS,18547,0.8237127776405941
1,US,18547,0.7705841159290685
1,SS,18547,0.645342452659861
1,US,18547,0.927878707497257
1,SS,18547,0.7385982925493408
1,CS,18547,0.748613447720345
1,SS,18547,0.7992634443780844
1,US,18547,0.7382859884764912
1,SS,18547,0.7330717647332676
1,CP,18547,1.1668380739124586
1,SS,18547,0.7511286520198155
1,CP,18547,0.8899674595108991
1,US,18547,0.8208362535006017
1,CS,18547,0.8553440067107658
1,CP,18547,0.8019760201591453
1,SS,18547,2.0044827293145318
1,CP,18547,0.8445559057277023
1,SS,18547,0.6791647220425148
1,CP,18547,0.9379110464610676
1,CP,18547,0.8365208540262756
1,SS,18547,0.8311426999712239
1,CS,18547,0.8490777215943126
1,CS,18547,0.8443915332632059
1,CP,18547,0.6549880946331541
1,CS,18547,0.7853629053065561
1,US,18547,0.6121054909799568
1,CP,18547,0.6063086485442
1,CP,18547,0.8251537768451271
1,CS,18547,1.8834169832698535
1,CS,18547,0.7073876076974557
1,US,18547,0.6624895013001151
1,US,18547,0.665221904765076
0,SS,18547,0.5633178318148566
1,CS,18547,0.8783058967042052
1,CS,18547,1.0324051180077731
1,US,18547,0.7316659813245678
1,US,18547,0.7016289528037305
1,CS,18547,0.7523990645613594
1,CP,18547,0.6990260489005777
0,US,18547,0.8220157901596394
1,SS,18547,0.9366121075604497
1,US,18547,1.8032277917773172
1,US,18547,0.7792950143375492
1,SS,18547,1.141738096638619
1,CS,18547,0.8720568374897084
1,US,18547,0.8190151204139511
1,SS,18547,0.7576645870235552
1,CP,18547,0.8958452399256203
1,SS,18547,2.5547841797615547
1,SS,18547,0.6509322173128567
1,CP,18547,0.9091073317781593
1,SS,18547,0.6642029145973538
1,US,18547,0.8026960219640387
1,CP,18547,0.7733988680497532
1,SS,18547,1.5758714616099496
1,CP,18547,0.9995062225534639
1,SS,18547,0.7385473968815859
1,CP,18547,0.7332324044677989
1,CP,18547,0.863778956814258
1,CS,18547,0.7143677225299143
1,SS,18547,0.6770963865806152
1,CS,18547,0.703171863658099
1,CP,18547,0.7938148527159683
1,CP,18547,1.605224323737275
1,CS,18547,0.7722957185060295
1,US,18547,0.8075333332217269
1,CS,18547,0.7535295042412145
1,CS,18547,0.9005393659472247
1,CP,18547,1.167313899230976
1,CS,18547,0.9992399083612327
1,US,18547,0.7374841944670152
1,US,18547,0.6999511162430281
1,CP,18547,0.7590586729406823
1,CS,18547,0.6971557646934343
1,US,18547,0.667908119832191
1,CS,18547,0.6229012198464261
1,CS,18547,0.6573759138823334
1,US,18547,0.6275989251985266
1,SS,18547,0.7828269529236422
1,US,18547,0.6812874242191356
1.0,CP,18619,3.0288531866399353
1.0,SS,18619,1.1011976321610746
1.0,CS,18619,2.2712596658620896
1.0,US,18619,1.6797369713722219
1.0,SS,18619,2.4957135322742943
1.0,SS,18619,1.0232226323282703
1.0,US,18619,1.9218542784860801
1.0,SS,18619,1.0177292088042122
1.0,SS,18619,1.1803209532849905
1.0,US,18619,1.532617073838992
1.0,CP,18619,1.2926370118107116
1.0,SS,18619,1.0681707019630267
1.0,CP,18619,1.1348381437610442
1.0,CP,18619,1.4494855346270015
1.0,CS,18619,0.9693050832502195
1.0,CP,18619,1.139926077308246
1.0,SS,18619,3.063042472712368
1.0,CP,18619,1.4144999709242256
1.0,US,18619,1.2305905573866767
1.0,SS,18619,1.070420434265543
1.0,CP,18619,1.8575774833061587
1.0,US,18619,0.9449385708749105
nan,CS,18619,nan
1.0,CS,18619,1.5342195820439883
1.0,SS,18619,1.2540688093631616
1.0,CS,18619,1.4700624086790413
1.0,CP,18619,1.4219393499051876
nan,CS,18619,nan
1.0,CP,18619,1.1366229752220534
1.0,CS,18619,1.2036611363619159
1.0,CS,18619,0.883097573007035
1.0,US,18619,1.0618533707865936
1.0,SS,18619,0.9924106577809653
1.0,US,18619,1.1874304323264369
1.0,US,18619,0.9312603292582935
1.0,CS,18619,0.7974428767656718
1.0,US,18619,0.7762354811538899
1.0,CP,18619,0.890656104579648
1.0,US,18619,1.0852759987701575
1.0,CS,18619,1.3518989970525581
1.0,SS,18619,0.9519536217740097
1.0,US,18619,1.1224884081175333
1.0,SS,18619,0.9091769783235577
1.0,US,18619,0.9517075323001336
1.0,SS,18619,0.9543951249588645
1.0,CS,18619,1.156957486515239
1.0,SS,18619,1.4853467318143885
1.0,US,18619,1.0927342669892823
1.0,SS,18619,0.895943506072399
1.0,CP,18619,1.7060436310648583
1.0,SS,18619,1.0899552299661082
1.0,CP,18619,1.1325439856555022
1.0,US,18619,1.3752042260157396
1.0,CS,18619,1.8551908792260292
1.0,CP,18619,0.9516884956783542
1.0,SS,18619,1.225694548122192
1.0,CP,18619,1.3696994027759501
0.0,SS,18619,1.5939270344697434
1.0,CP,18619,1.0576720845674572
1.0,CP,18619,1.1481068137609327
1.0,SS,18619,0.9480392964333078
1.0,CS,18619,1.030796558028669
1.0,CS,18619,1.3619267640988255
1.0,CP,18619,0.937821238361721
1.0,CS,18619,1.0279646130911715
1.0,US,18619,0.8866062218849038
1.0,CP,18619,0.7292581027877532
1.0,CP,18619,0.8756533965206472
1.0,CS,18619,1.062332020465874
1.0,CS,18619,0.8888588657764558
1.0,US,18619,0.7235746860151266
1.0,US,18619,0.8942402803304503
1.0,SS,18619,1.0807610377723904
1.0,CS,18619,1.3713776664499164
1.0,CS,18619,0.9072938656763654
1.0,US,18619,1.8459898802875614
1.0,US,18619,0.7904303193663509
1.0,CS,18619,1.024592541223683
1.0,CP,18619,0.7552229093844289
1.0,US,18619,1.4057718436060895
1.0,SS,18619,1.49381153473405
1.0,US,18619,1.0862426916164623
1.0,US,18619,1.2003652801640783
1.0,SS,18619,1.0327008729418594
1.0,CS,18619,1.1634351656648505
1.0,US,18619,1.0588308099786445
1.0,SS,18619,1.3978305583223118
1.0,CP,18619,1.4136706010331181
1.0,SS,18619,0.9653409901811756
1.0,SS,18619,0.7760108857091836
1.0,CP,18619,1.1865768914303771
1.0,SS,18619,0.8424549412129636
1.0,US,18619,0.9811905015749289
0.0,CP,18619,0.8798035726458693
1.0,SS,18619,0.9066739527697791
1.0,CP,18619,1.181415804196149
1.0,SS,18619,0.9169021863654052
1.0,CP,18619,1.1115472020401285
1.0,CP,18619,1.3145947132197762
1.0,CS,18619,0.9145049736307556
1.0,SS,18619,1.2687699302850888
1.0,CS,18619,1.100599896062704
1.0,CP,18619,1.1352542574304607
1.0,CP,18619,0.8819682793146058
1.0,CS,18619,1.0204898047577444
1.0,US,18619,0.8471764325677213
1.0,CS,18619,0.8897664906517093
1.0,CS,18619,1.5243857154309808
1.0,CP,18619,0.7322358257197266
1.0,CS,18619,0.6628968561390138
1.0,US,18619,0.6495433259360652
1.0,US,18619,0.852056235587952
1.0,CP,18619,1.1587211728574403
1.0,CS,18619,1.2710764716703125
1.0,US,18619,1.246605108984113
1.0,CS,18619,0.9425388947192914
1.0,CS,18619,0.6732866739293968
1.0,US,18619,1.0997003953634703
1.0,SS,18619,0.8144493118734317
1.0,US,18619,1.2249731055617303
0,CP,18864,1.2457790417029173
1,SS,18864,0.9897552760849067
1,CS,18864,1.2798473133298103
1,US,18864,1.2723489746604173
1,SS,18864,0.9042527434849035
1,SS,18864,1.314237053920806
1,US,18864,0.9862211929103069
1,SS,18864,0.8768532120393502
1,SS,18864,0.9999566977930954
1,US,18864,1.0421337974330527
0,CP,18864,1.4449043800850632
1,SS,18864,0.9888407452090178
1,CP,18864,1.2712873303080414
1,CP,18864,1.343719451704601
1,CS,18864,0.9915779311395454
1,CP,18864,1.3057639974867925
1,SS,18864,1.042201302396279
1,CP,18864,1.1484033898359485
1,US,18864,1.0767228766326298
1,SS,18864,0.9509161664736894
1,CP,18864,1.4978648614051053
1,US,18864,1.0179228024389886
1,CS,18864,0.8525228298440197
1,CS,18864,0.814626455627149
1,SS,18864,0.84124963036993
1,CS,18864,1.0682792037914624
1,CP,18864,1.1423929756892903
1,CS,18864,1.0384183986261633
1,CP,18864,1.760952982442177
1,CS,18864,1.1528996901924984
1,CS,18864,1.5612588644398784
1,US,18864,1.0088042153201968
1,SS,18864,1.0998941423968063
1,US,18864,0.9819892997747957
1,US,18864,0.8491072224933305
1,CS,18864,0.8917370321960334
1,US,18864,0.9898401663667755
1,CP,18864,0.9130607109200355
1,US,18864,0.9390865225359448
1,CS,18864,0.9577302785928623
1,SS,18864,1.0963146919639257
1,US,18864,0.7873474393254583
1,SS,18864,0.9740501229862275
1,US,18864,0.9440368293362553
1,SS,18864,1.034827313864298
1,CS,18864,1.1018551340494014
1,SS,18864,0.7923060026460007
1,US,18864,0.9225077963219519
1,SS,18864,0.8291019403914106
1,CP,18864,1.7441892138849653
1,SS,18864,1.248208230788805
1,CP,18864,0.9837282767075521
1,US,18864,1.0502969590743305
1,CS,18864,1.085308997786342
1,CP,18864,1.2880487768125022
1,SS,18864,1.0954909046249668
1,CP,18864,1.4020314616755059
1,SS,18864,0.9220326116737851
1,CP,18864,0.9326759874056734
1,CP,18864,1.1272238287801883
1,SS,18864,0.8979392021865351
1,CS,18864,0.9832808724750066
1,CS,18864,0.9676849069910531
1,CP,18864,0.8822995538357645
1,CS,18864,0.8362892683580867
1,US,18864,0.7594164224756241
0,CP,18864,1.6655168612851412
1,CP,18864,1.4818832877699606
1,CS,18864,0.8579315826591483
1,CS,18864,1.0040863273607101
1,US,18864,0.7192084476864693
1,US,18864,0.9776808661245013
1,SS,18864,0.996398160872559
1,CS,18864,0.9825331474057748
1,CS,18864,0.8900160541816149
1,US,18864,0.7318496911957482
1,US,18864,0.734679019309624
1,CS,18864,0.6729693738343485
1,CP,18864,0.9634548787180393
1,US,18864,0.9420390939048957
0,SS,18864,1.1287471194918908
1,US,18864,0.9393813991791831
1,US,18864,0.8465188825539371
1,SS,18864,0.9530052199388592
1,CS,18864,1.2592804132782476
1,US,18864,0.8990750319171639
1,SS,18864,0.9342827456912346
1,CP,18864,1.2003727366009116
1,SS,18864,0.8563660197578429
1,SS,18864,0.9390038700876175
1,CP,18864,1.2701379773279768
1,SS,18864,0.845533562152923
1,US,18864,1.0482113285288506
1,CP,18864,1.6991787044898956
1,SS,18864,0.9307952299004683
1,CP,18864,0.9178815241721168
1,SS,18864,0.7360167743918282
1,CP,18864,1.251038070235154
1,CP,18864,0.9624817310450453
1,CS,18864,0.821697419272823
1,SS,18864,1.1042888258743915
1,CS,18864,0.8668632715962303
1,CP,18864,1.1494721958570153
1,CP,18864,0.9815244169803918
1,CS,18864,1.0479348989701975
1,US,18864,1.0266860132087459
1,CS,18864,1.0452006637315208
1,CS,18864,0.9758780086758634
1,CP,18864,0.8580041077075293
1,CS,18864,1.0447347251829342
1,US,18864,0.9912888536127866
1,US,18864,0.9298450350579515
1,CP,18864,0.9004617937425792
1,CS,18864,1.335037187936905
1,US,18864,0.7914903274522658
1,CS,18864,0.745685224819681
1,CS,18864,1.18016379663095
1,US,18864,0.8281224943020788
1,SS,18864,0.9428229882560117
1,US,18864,0.8333383122007945
1.0,CP,18919,2.780440381529843
1.0,SS,18919,1.020439801347493
1.0,CS,18919,1.0304622272869892
1.0,US,18919,1.193105789128822
1.0,SS,18919,1.072978642853741
1.0,SS,18919,1.5401594069171551
1.0,US,18919,0.9562228811300884
1.0,SS,18919,1.0465747857733732
1.0,SS,18919,0.873450403053539
1.0,US,18919,1.9392570490890648
1.0,CP,18919,1.5158736551520633
1.0,SS,18919,1.059982901649164
1.0,CP,18919,1.2938647709352153
1.0,CP,18919,2.1585816764481933
1.0,CS,18919,1.0943302116202176
1.0,CP,18919,1.6642953033933736
1.0,SS,18919,2.6403670983509073
0.0,CP,18919,0.936871981778495
1.0,US,18919,1.2036122820973105
1.0,SS,18919,1.0188516960988636
1.0,CP,18919,1.2774237270068625
1.0,US,18919,1.246051759598231
1.0,CS,18919,3.5253174064891937
1.0,CS,18919,1.3497657899306432
1.0,SS,18919,0.9011808890572865
1.0,CS,18919,1.8397911946558452
1.0,CP,18919,1.528234106130185
1.0,CS,18919,1.0722550568825682
1.0,CP,18919,1.8342055495022578
1.0,CS,18919,1.314249890046085
1.0,CS,18919,1.9141553309318624
1.0,US,18919,0.9788317987677146
1.0,SS,18919,1.02942325209915
1.0,US,18919,1.3278555712258822
1.0,US,18919,1.1673116223728357
1.0,CS,18919,1.2157647876456394
1.0,US,18919,0.9117767184916374
1.0,CP,18919,1.0983767375410025
1.0,US,18919,0.8524466362086969
0.0,CS,18919,1.3349863603543781
1.0,SS,18919,1.0715461462623352
1.0,US,18919,1.290129221699317
1.0,SS,18919,2.3695125531394297
1.0,US,18919,0.9694153243808614
1.0,SS,18919,1.388625790064907
1.0,CS,18919,0.9880088685094961
1.0,SS,18919,0.8470148220685587
1.0,US,18919,1.3532201011976213
1.0,SS,18919,1.2090802086122494
0.0,CP,18919,1.2410095776967864
1.0,SS,18919,1.7849589226507305
1.0,CP,18919,1.21746670732864
1.0,US,18919,1.0089225709862149
1.0,CS,18919,1.0119892412176341
0.0,CP,18919,1.1668655476305503
1.0,SS,18919,0.8621486287493099
1.0,CP,18919,1.2246422052967318
1.0,SS,18919,0.8973833267600639
1.0,CP,18919,1.2998298847660408
1.0,CP,18919,0.8998618068553697
1.0,SS,18919,1.302516680257213
1.0,CS,18919,1.1817566350064226
1.0,CS,18919,0.8857684401900769
1.0,CP,18919,0.9769320220175359
1.0,CS,18919,0.8110772562295097
1.0,US,18919,1.0302830099326457
1.0,CP,18919,1.3762506486955317
1.0,CP,18919,1.0080565417620164
1.0,CS,18919,0.8433483272947342
1.0,CS,18919,2.3978628930271952
1.0,US,18919,0.7899320567748873
1.0,US,18919,1.1764799813518039
1.0,SS,18919,1.296526700443792
nan,CS,18919,nan
1.0,CS,18919,0.794412265052415
1.0,US,18919,0.9736430227658275
1.0,US,18919,0.7842171969405172
1.0,CS,18919,1.2589657501603142
1.0,CP,18919,1.4021786381745187
1.0,US,18919,1.002069046440738
1.0,SS,18919,1.060706929776643
1.0,US,18919,1.0558589744532583
1.0,US,18919,1.6020575283409926
1.0,SS,18919,1.7219326098866077
1.0,CS,18919,1.4265057329821502
1.0,US,18919,1.2418805819206682
1.0,SS,18919,1.0336753352094092
1.0,CP,18919,1.3163966482406977
1.0,SS,18919,1.0849241865407748
1.0,SS,18919,1.2389787063530093
1.0,CP,18919,1.335030873683536
1.0,SS,18919,2.31894834801642
1.0,US,18919,1.255466763140248
1.0,CP,18919,1.470733085797292
1.0,SS,18919,1.7906978965020244
1.0,CP,18919,1.98324186908485
1.0,SS,18919,1.191290521229348
1.0,CP,18919,1.5346123736699155
1.0,CP,18919,1.1350493613308572
1.0,CS,18919,1.3938389868853847
1.0,SS,18919,0.9610758264925607
1.0,CS,18919,1.203795908975735
1.0,CP,18919,1.307720263956071
1.0,CP,18919,1.3562152294662155
1.0,CS,18919,1.1162009762183516
1.0,US,18919,0.8141684465399521
1.0,CS,18919,1.1612992039199526
1.0,CS,18919,0.9287003555964475
1.0,CP,18919,2.4438650249321654
1.0,CS,18919,0.9313675849552965
1.0,US,18919,1.0620504327980598
1.0,US,18919,1.376996267245886
1.0,CP,18919,1.257204644804915
1.0,CS,18919,0.8808907822440233
1.0,US,18919,1.891730804168219
1.0,CS,18919,1.155035674228202
1.0,CS,18919,1.2189463370941667
1.0,US,18919,1.0587428930939495
1.0,SS,18919,1.1815446199407234
1.0,US,18919,0.9813815681645792
1.0,CP,18977,1.9739367779893655
0.0,SS,18977,0.13462180791793799
1.0,CS,18977,2.0964987086299516
nan,US,18977,nan
1.0,SS,18977,1.7098505910435051
1.0,SS,18977,0.9663019280324079
1.0,US,18977,1.6564088721570442
1.0,SS,18977,0.8163445432583103
1.0,SS,18977,1.1790036635629804
1.0,US,18977,1.187319786644366
1.0,CP,18977,1.6614556783206353
1.0,SS,18977,1.0219006426777923
1.0,CP,18977,2.360578702413477
0.0,CP,18977,0.9604432248161174
1.0,CS,18977,1.0590938389195799
1.0,CP,18977,1.4056558337251772
1.0,SS,18977,1.1416326371818286
0.0,CP,18977,1.2878436689752562
1.0,US,18977,1.1202645063622185
1.0,SS,18977,0.9387835550787713
1.0,CP,18977,1.3169697229768644
1.0,US,18977,1.069405914435265
1.0,CS,18977,1.1759443938681216
1.0,CS,18977,1.3754600467218552
1.0,SS,18977,1.151800125328009
1.0,CS,18977,1.3111911669457186
1.0,CP,18977,1.335596811677533
1.0,CS,18977,1.4157358956872486
0.0,CP,18977,0.823539162214729
1.0,CS,18977,1.0662500235630432
0.0,CS,18977,1.340303457021946
1.0,US,18977,1.0208700478251558
1.0,SS,18977,1.047337817704829
1.0,US,18977,0.8973421189311921
1.0,US,18977,1.5160929897028836
1.0,CS,18977,1.0601158974914142
1.0,US,18977,0.8071643850435066
0.0,CP,18977,1.1453141800102458
1.0,US,18977,0.9452772606491635
1.0,CS,18977,1.2439414953041705
1.0,SS,18977,0.8682356580684427
1.0,US,18977,0.8547667351795099
1.0,SS,18977,0.8015120444360946
1.0,US,18977,0.7636681027488521
1.0,SS,18977,0.902775818885857
1.0,CS,18977,1.1053330312115577
1.0,SS,18977,1.0997920713052736
1.0,US,18977,0.9099630686087039
1.0,SS,18977,1.017048324125426
1.0,CP,18977,0.8835774341041542
1.0,SS,18977,0.8063135453521681
1.0,CP,18977,1.048415470379041
1.0,US,18977,0.9075989342181856
1.0,CS,18977,0.8301217617972725
0.0,CP,18977,0.7848024153045117
1.0,SS,18977,0.7873706112950458
1.0,CP,18977,1.029467717742591
1.0,SS,18977,0.9847228496382741
1.0,CP,18977,1.0752704288188397
1.0,CP,18977,0.8378677047094243
1.0,SS,18977,0.7444524047768937
1.0,CS,18977,0.8512388333547278
1.0,CS,18977,0.9737141168443486
1.0,CP,18977,0.7604657496067375
1.0,CS,18977,0.9548472723799932
1.0,US,18977,0.8135552552157606
1.0,CP,18977,0.7762676636011747
1.0,CP,18977,0.7226280552240496
1.0,CS,18977,0.6129491061674344
1.0,CS,18977,0.7280063265134231
1.0,US,18977,0.7141757697590947
1.0,US,18977,0.8212766149645176
1.0,SS,18977,0.8238365393681306
1.0,CS,18977,0.890298620399335
1.0,CS,18977,0.652954251596384
1.0,US,18977,0.6957948976832995
1.0,US,18977,0.7457362034911057
1.0,CS,18977,0.6364457875042717
1.0,CP,18977,0.6714854620568076
1.0,US,18977,0.6096671683098975
1.0,SS,18977,0.7883351537511771
1.0,US,18977,0.7593059435130272
1.0,US,18977,0.8260349833071814
1.0,SS,18977,0.6526884087470535
1.0,CS,18977,0.7427153711196297
1.0,US,18977,0.6894464141405479
1.0,SS,18977,0.8123675783790532
1.0,CP,18977,0.6711685158261389
1.0,SS,18977,0.5851793099973293
1.0,SS,18977,0.5882965710516146
1.0,CP,18977,1.2068777328822762
1.0,SS,18977,1.2708258524744451
1.0,US,18977,0.6947767733781802
1.0,CP,18977,0.9289562638477946
1.0,SS,18977,0.6519865659356583
1.0,CP,18977,0.7826947362609644
1.0,SS,18977,0.6731543378209608
1.0,CP,18977,0.6839674610728252
1.0,CP,18977,0.7025015139515745
1.0,CS,18977,0.681240525773319
1.0,SS,18977,0.819841419102886
1.0,CS,18977,0.7103337942025973
1.0,CP,18977,0.6889705511384818
1.0,CP,18977,0.7555550095748913
1.0,CS,18977,0.6697464281769498
1.0,US,18977,0.6648210850307805
1.0,CS,18977,0.6589559239600931
1.0,CS,18977,0.6140292523487005
1.0,CP,18977,0.7125742548050766
1.0,CS,18977,0.9313101234220085
1.0,US,18977,0.6219401698435831
1.0,US,18977,0.7043800579504023
1.0,CP,18977,0.5867107420363027
1.0,CS,18977,0.5331832272240717
1.0,US,18977,0.5123158764381515
1.0,CS,18977,0.5629607665996446
1.0,CS,18977,0.7094876287119405
1.0,US,18977,0.792159792057646
1.0,SS,18977,0.6829023300815606
1.0,US,18977,0.5893099339264154
1,CP,18978,1.6248643950711994
1,SS,18978,0.9453314139900613
0,CS,18978,2.2599732592061628
1,US,18978,2.0758024203169043
1,SS,18978,0.9638093554167426
1,SS,18978,1.214350559961531
1,US,18978,1.029909661216152
1,SS,18978,1.5848215011192224
1,SS,18978,1.1209029466899665
1,US,18978,1.2195554406989686
1,CP,18978,1.9153873229115561
1,SS,18978,0.9153860576116131
1,CP,18978,1.4700400014025945
1,CP,18978,2.349820851422919
1,CS,18978,2.133325659973707
1,CP,18978,1.3658765267355193
1,SS,18978,1.2137478168006055
1,CP,18978,1.3097318030067981
1,US,18978,1.469666333128771
1,SS,18978,0.8936165923041699
1,CP,18978,1.2401377013993624
1,US,18978,1.6001182045129099
1,CS,18978,1.2880914857778407
1,CS,18978,0.9835237459756172
1,SS,18978,1.8907505910410691
1,CS,18978,1.1545720069389063
1,CP,18978,1.6504616268466634
1,CS,18978,1.3305423505335057
1,CP,18978,2.2023910265797895
1,CS,18978,1.5059651059273165
1,CS,18978,1.0263923049169534
1,US,18978,1.0049143695032399
1,SS,18978,0.8956196071758313
1,US,18978,0.8181186486726801
1,US,18978,0.9562984760214022
1,CS,18978,1.1349547789741337
1,US,18978,0.8419812049451139
1,CP,18978,1.5165323524397536
1,US,18978,0.9164519916976133
1,CS,18978,0.9511864265750773
1,SS,18978,1.1296983527008706
1,US,18978,0.9558890955395327
1,SS,18978,0.9989776065522165
1,US,18978,0.8570103720703628
1,SS,18978,1.0361824371611874
1,CS,18978,0.8947814034636394
1,SS,18978,0.8652297025237203
1,US,18978,0.8200358826525189
1,SS,18978,0.830168260159553
1,CP,18978,0.9527817754351418
0,SS,18978,1.179827363419463
1,CP,18978,1.0113439146171004
1,US,18978,0.9423705912431615
1,CS,18978,0.8734368571967934
1,CP,18978,1.0116193765716162
1,SS,18978,0.8542824501946598
1,CP,18978,0.8968086736385885
1,SS,18978,1.0354361323061312
1,CP,18978,0.7981118800071272
1,CP,18978,1.0087755682325223
1,SS,18978,0.8593814154937718
1,CS,18978,1.6858645053598593
1,CS,18978,1.021552649413934
1,CP,18978,0.8406477225562412
1,CS,18978,1.2192410541501886
1,US,18978,0.7711747621306131
1,CP,18978,0.8296530544721463
1,CP,18978,0.7843022789493261
1,CS,18978,0.6988949809001497
1,CS,18978,0.9730000200524955
1,US,18978,0.783678420677461
1,US,18978,0.9068717412446858
1,SS,18978,0.7734224987216294
1,CS,18978,0.9919437662283599
1,CS,18978,0.898489610883189
1,US,18978,0.7492114559008769
1,US,18978,0.8473766149654693
1,CS,18978,0.7705293195231206
1,CP,18978,1.11711381004352
1,US,18978,0.9115948124617717
1,SS,18978,0.9702164649734186
1,US,18978,0.8204849547328195
1,US,18978,1.199468196993621
1,SS,18978,0.743412299101692
1,CS,18978,0.8661302830387285
1,US,18978,0.7963325048385741
1,SS,18978,3.254830576805034
1,CP,18978,1.871150216064052
1,SS,18978,1.1032625171683321
1,SS,18978,1.0263093844932882
1,CP,18978,1.2525225077461073
1,SS,18978,0.8999048586811114
1,US,18978,0.9670688396709011
1,CP,18978,1.0331174254788493
1,SS,18978,0.8278243746190128
1,CP,18978,0.9588919620200613
1,SS,18978,0.9293899056538066
1,CP,18978,0.9561308876163821
1,CP,18978,1.022226841054362
1,CS,18978,1.1769304213994474
1,SS,18978,0.8573601700445579
1,CS,18978,0.852009345391707
1,CP,18978,0.9585198157201376
1,CP,18978,0.8571532870791998
1,CS,18978,0.7792969450274541
1,US,18978,0.6785248488558864
1,CS,18978,0.7373780517154955
1,CS,18978,0.74759910967623
0,CP,18978,0.9821426583384891
1,CS,18978,0.8323679343084223
1,US,18978,0.7954265492935519
1,US,18978,0.8535562347733503
1,CP,18978,1.0966640090646251
1,CS,18978,1.0107335525717644
1,US,18978,0.6378679683966766
1,CS,18978,0.6721532349438348
1,CS,18978,0.634604688237232
1,US,18978,0.6772564052171219
1,SS,18978,0.9364194988920644
1,US,18978,0.7708684727131185
1,CP,18979,3.266886225050257
1,SS,18979,1.3462904871703358
1,CS,18979,1.0662655771557183
1,US,18979,1.1488780647487147
1,SS,18979,1.5809943362182821
1,SS,18979,1.101352186204167
1,US,18979,1.0958967996448337
1,SS,18979,0.9539846479310654
1,SS,18979,0.8932131463152473
1,US,18979,1.6156963494722731
1,CP,18979,1.847669082304492
1,SS,18979,0.8476080209329666
1,CP,18979,1.0339088841901685
1,CP,18979,1.3087590641553106
1,CS,18979,2.060276151758444
1,CP,18979,1.2608229659417702
1,SS,18979,1.2766825043363497
1,CP,18979,2.244669039195287
1,US,18979,1.9080360551051854
1,SS,18979,1.0602999899710994
1,CP,18979,1.4306900379997387
1,US,18979,1.4574907859532686
1,CS,18979,1.5770232787581335
1,CS,18979,1.2737427034553548
1,SS,18979,1.361605736972706
1,CS,18979,1.304924268340983
1,CP,18979,1.209029657406063
1,CS,18979,1.6013806053815642
1,CP,18979,2.609303911209281
1,CS,18979,1.3452305808132223
1,CS,18979,0.9691026639520715
1,US,18979,0.8758194026377168
1,SS,18979,1.174780671550252
1,US,18979,1.2382137719432649
1,US,18979,1.062182648711314
1,CS,18979,1.0889391481759958
1,US,18979,0.9474824842836824
1,CP,18979,1.5261804389447207
1,US,18979,1.3739906245318707
1,CS,18979,1.36598827740454
1,SS,18979,1.333885200376244
1,US,18979,0.9659539798849437
1,SS,18979,0.8885021155219874
1,US,18979,1.171078693390882
1,SS,18979,0.9657962391829642
1,CS,18979,1.160281577918795
1,SS,18979,1.20014246383289
1,US,18979,0.8797324657352874
1,SS,18979,0.9787515294920013
1,CP,18979,1.3733877580489207
1,SS,18979,0.8854569797149452
1,CP,18979,1.1273369133414235
1,US,18979,1.1461677207516914
1,CS,18979,1.0739874241771759
1,CP,18979,0.8211134871999093
1,SS,18979,0.9356996119895484
1,CP,18979,1.0262824461860873
1,SS,18979,1.0609928874364414
1,CP,18979,1.7356604237065767
1,CP,18979,0.9436173723406682
1,SS,18979,0.9942246733990032
1,CS,18979,1.02090829264489
1,CS,18979,2.2153793551151466
1,CP,18979,1.4468911869953445
1,CS,18979,1.038805030129879
1,US,18979,1.5605666760238819
1,CP,18979,0.8098764735987061
1,CP,18979,2.756443042340834
1,CS,18979,0.9243631197423383
1,CS,18979,1.1830479501513764
1,US,18979,1.0229542295382998
1,US,18979,0.9615004421539197
1,SS,18979,1.1081878091827093
1,CS,18979,0.9187687674857443
1,CS,18979,2.152971137667919
1,US,18979,1.0094356109439104
1,US,18979,0.8673524027726671
1,CS,18979,1.0625445953955932
1,CP,18979,1.008743441383558
1,US,18979,0.8112863192945952
1,SS,18979,0.9984891857748153
1,US,18979,1.3130001935023756
1,US,18979,1.1846341461241536
1,SS,18979,2.072988525047549
1,CS,18979,0.8995868837664602
1,US,18979,1.0224460501885915
1,SS,18979,0.8808149670621788
1,CP,18979,1.387237907940289
1,SS,18979,0.9793124755633471
1,SS,18979,1.333359840180492
1,CP,18979,1.1018959845168865
1,SS,18979,1.2484743019267626
1,US,18979,1.1525636501246481
1,CP,18979,0.784378380572889
1,SS,18979,0.8829284783314506
1,CP,18979,1.0216203380805382
1,SS,18979,0.9682832743492327
1,CP,18979,0.9068167938312399
1,CP,18979,1.0642132245193352
1,CS,18979,1.0343318751947663
1,SS,18979,1.021441130349558
1,CS,18979,0.9276747450821858
1,CP,18979,0.8987062693631742
1,CP,18979,1.1572246332943905
1,CS,18979,1.021668638146366
1,US,18979,0.8954669888407807
1,CS,18979,3.113979922596627
1,CS,18979,0.9464619446771394
0,CP,18979,2.8770705641727545
1,CS,18979,0.988963506752043
1,US,18979,0.7995572213476407
1,US,18979,0.8820461554641952
1,CP,18979,0.8044207892598934
1,CS,18979,1.1274028123407334
1,US,18979,0.9461104713300301
1,CS,18979,0.8046868246092345
1,CS,18979,0.7916062422918912
1,US,18979,0.8417296764528146
1,SS,18979,0.972442638289067
1,US,18979,0.9830901522982458
1,CP,18988,1.3031463008453557
1,SS,18988,0.959589879585792
1,CS,18988,1.0896900369966716
1,US,18988,0.916400455188068
1,SS,18988,0.9434576404414656
1,SS,18988,0.9860260339487468
1,US,18988,0.9487940755370801
1,SS,18988,0.9588284271949306
1,SS,18988,1.0774812711176764
1,US,18988,1.0685826356791495
1,CP,18988,1.198521734727592
1,SS,18988,0.96702823068199
1,CP,18988,1.6171597980730894
1,CP,18988,1.3376692116423783
1,CS,18988,1.129424707486578
1,CP,18988,1.164101301396613
1,SS,18988,1.0122123231633395
1,CP,18988,1.2461871203843202
1,US,18988,1.39098852304528
1,SS,18988,1.1980137839761937
1,CP,18988,1.0305435266043332
1,US,18988,1.1692146773077638
1,CS,18988,1.265072706764613
1,CS,18988,1.112525592797283
1,SS,18988,1.003104873720531
1,CS,18988,1.3896653756305568
1,CP,18988,0.9655956516508013
1,CS,18988,0.8887062763812992
1,CP,18988,1.1067918537382866
1,CS,18988,0.9579609300274115
1,CS,18988,1.3125736953447813
1,US,18988,0.9520861949688424
1,SS,18988,0.9871977421069005
1,US,18988,1.1891549875174405
1,US,18988,1.1335974954631638
1,CS,18988,1.3921824712499529
1,US,18988,1.1042215011179906
1,CP,18988,1.0828652874001818
1,US,18988,0.9570034560201748
1,CS,18988,1.2955279900540972
1,SS,18988,1.0955262685608886
1,US,18988,1.3140451869378467
1,SS,18988,1.1380712519678582
1,US,18988,1.301096237179081
1,SS,18988,1.245157827930825
1,CS,18988,1.2769301707455725
1,SS,18988,1.15685259226575
1,US,18988,1.2048344338722927
1,SS,18988,1.3328155185033665
0,CP,18988,0.9322720189693428
1,SS,18988,0.8954148387292662
1,CP,18988,1.817543907598747
1,US,18988,1.161915598712767
1,CS,18988,1.3538093554175248
0,CP,18988,0.9939667652572552
1,SS,18988,0.8764080028875014
0,CP,18988,2.0465718645666584
1,SS,18988,1.0625492124443099
1,CP,18988,1.401672293686488
1,CP,18988,1.3850984058392442
1,SS,18988,0.9694642256290535
1,CS,18988,1.700096098817994
1,CS,18988,1.4761733995728719
1,CP,18988,0.9320221327666331
1,CS,18988,1.166536249611454
1,US,18988,0.942639378778722
1,CP,18988,0.9686759191488363
1,CP,18988,1.331273853758148
1,CS,18988,0.7952076228957594
1,CS,18988,0.9899787375047708
1,US,18988,0.664961867474176
1,US,18988,0.9950570930127469
1,SS,18988,0.8942012642999089
1,CS,18988,1.6568369464303032
1,CS,18988,0.7522795837135163
1,US,18988,1.1073382147403663
1,US,18988,0.6299155906917804
1,CS,18988,0.7361205085271649
0,CP,18988,1.0592133378115705
0,US,18988,1.0377149821033527
1,SS,18988,1.1283752654428554
1,US,18988,1.514538607766326
1,US,18988,1.0590554196451194
1,SS,18988,1.0449160107882562
1,CS,18988,1.520138882483252
1,US,18988,1.4320752945186541
1,SS,18988,1.2160334823890935
1,CP,18988,1.487440852625241
1,SS,18988,0.9999634385746958
1,SS,18988,0.9461723247675309
1,CP,18988,1.4452104091678848
1,SS,18988,1.189207408335733
1,US,18988,1.837199879686068
1,CP,18988,1.2769226481113947
1,SS,18988,1.0204535838538504
1,CP,18988,1.5676259146371194
1,SS,18988,0.9994494179809408
1,CP,18988,1.5136497879466333
1,CP,18988,1.802099389406294
1,CS,18988,1.2420850259177314
1,SS,18988,1.265990013936289
1,CS,18988,1.473474184621864
1,CP,18988,1.1695297346072948
1,CP,18988,0.9534300063164665
1,CS,18988,0.924359185474259
1,US,18988,0.9347487883374015
1,CS,18988,1.201283982193445
1,CS,18988,1.1051433230732073
1,CP,18988,0.8277095649643798
1,CS,18988,0.9509929465905316
1,US,18988,1.1290810004111336
1,US,18988,0.8995554607527083
1,CP,18988,1.2388588265371254
1,CS,18988,1.0141842970153903
1,US,18988,0.993341096261247
1,CS,18988,1.1078925676015388
1,CS,18988,1.0539858681158876
1,US,18988,1.2169780918195556
1,SS,18988,1.544451362054815
1,US,18988,1.2169678891907552
0,CP,19686,2.168937662090684
1,SS,19686,1.4090878682955008
1,CS,19686,0.944950836519638
1,US,19686,1.4280922139860195
1,SS,19686,0.9556039867520667
1,SS,19686,1.6546325874951435
1,US,19686,1.1106437373000517
1,SS,19686,1.1606029774475246
1,SS,19686,1.2805890159615956
1,US,19686,1.7446202973769687
1,CP,19686,1.3929207111250435
1,SS,19686,1.4004754942916406
1,CP,19686,1.4004819702158784
1,CP,19686,1.6482817426203837
1,CS,19686,1.6242854793854349
1,CP,19686,1.6486693265069334
1,SS,19686,0.8640997587026504
1,CP,19686,1.4267562276081662
1,US,19686,1.2351213056790584
1,SS,19686,0.9145526038046228
1,CP,19686,1.1651051792023281
1,US,19686,0.9730909329709903
1,CS,19686,0.9916700122985276
1,CS,19686,0.9786006958183862
1,SS,19686,0.9253274641068856
1,CS,19686,1.2158724449900546
1,CP,19686,1.1439171207421168
1,CS,19686,1.3598364800009222
1,CP,19686,1.1196925699159692
1,CS,19686,1.4338733941367536
1,CS,19686,1.4658227384234124
1,US,19686,1.0501843718257078
1,SS,19686,0.8842645369904858
1,US,19686,0.9748647495453042
1,US,19686,1.2340167531147017
1,CS,19686,1.2094479857360056
1,US,19686,1.0978411639089245
1,CP,19686,1.2599002473125438
1,US,19686,1.0359112283431386
1,CS,19686,1.2464505237021513
1,SS,19686,0.9909007429423582
1,US,19686,1.4895601572106898
1,SS,19686,0.9775355823212521
1,US,19686,1.156117526469643
1,SS,19686,1.3159836058239307
1,CS,19686,1.2918645978161294
1,SS,19686,0.9793158988823052
1,US,19686,1.293916274530602
1,SS,19686,0.9903274507378228
1,CP,19686,1.0408535041578943
1,SS,19686,1.0030308399282148
1,CP,19686,1.0620158514257128
1,US,19686,1.1519347595049112
0,CS,19686,2.3846458033658564
1,CP,19686,1.2720957081173765
1,SS,19686,2.4186400266025885
0,CP,19686,1.9200237089589791
1,SS,19686,0.9444068980265001
1,CP,19686,1.0431152017272325
1,CP,19686,1.2295800565480022
1,SS,19686,1.0855468978925273
1,CS,19686,1.1836515209752179
1,CS,19686,1.2076741631462937
1,CP,19686,1.4476217622059266
1,CS,19686,1.5360211111701574
1,US,19686,0.991967992019454
1,CP,19686,1.0265767903456435
1,CP,19686,1.5570589029330222
1,CS,19686,1.5970667928850162
1,CS,19686,1.0365824594937294
1,US,19686,1.1036162411101031
1,US,19686,0.9862024437197761
1,SS,19686,0.892367301214108
1,CS,19686,0.9108144617939615
1,CS,19686,0.9455343855279352
1,US,19686,0.9006574852282938
1,US,19686,1.3112156325196338
1,CS,19686,1.254686454935836
1,CP,19686,1.1266149383718584
1,US,19686,0.8976015530588484
1,SS,19686,1.2282609141884677
1,US,19686,0.9237689171031889
1,US,19686,1.0708293009056433
1,SS,19686,0.945439824407913
1,CS,19686,1.0674943475614782
1,US,19686,1.8300980301855816
1,SS,19686,0.902046103149587
0,CP,19686,0.8972534022241234
1,SS,19686,0.907366045933486
1,SS,19686,0.8779736568230874
1,CP,19686,0.896458638241711
1,SS,19686,0.9871232942086863
1,US,19686,1.086216646169305
1,CP,19686,0.9203996380547323
1,SS,19686,0.8668682897978215
1,CP,19686,1.1335551043393934
1,SS,19686,0.9442356364634179
1,CP,19686,1.0192439692391417
1,CP,19686,1.2772920428715224
1,CS,19686,1.3013683242206753
1,SS,19686,1.1817228236459414
1,CS,19686,1.3016813462518257
1,CP,19686,1.2535946917942056
0,CP,19686,1.6135017007782153
1,CS,19686,1.1570063853532702
1,US,19686,0.9574359482776345
1,CS,19686,1.1035734693332415
1,CS,19686,1.290432059115119
1,CP,19686,1.5785765056016317
1,CS,19686,1.1465641071999926
1,US,19686,0.9625375023397282
1,US,19686,1.1805686985326247
1,CP,19686,1.0125886596970304
1,CS,19686,1.2311229025181092
1,US,19686,1.0955546364493784
1,CS,19686,1.0416558208789866
1,CS,19686,1.1321463247286374
1,US,19686,1.4233487908395546
1,SS,19686,1.0392531809793581
1,US,19686,1.2253015704372956
0,CP,19687,1.4289047363772625
1,SS,19687,1.2293222137186604
1,CS,19687,1.1647148040210595
1,US,19687,2.141198525479922
1,SS,19687,1.4126578348086696
1,SS,19687,1.0286679993714642
1,US,19687,1.8557331081892698
1,SS,19687,1.4556341492434512
1,SS,19687,1.311603478089637
1,US,19687,1.3035129829286234
1,CP,19687,1.854182859874527
1,SS,19687,1.0179734970724894
0,CP,19687,1.38064487126303
1,CP,19687,2.052032539035281
1,CS,19687,1.4444437560159713
1,CP,19687,2.4205019614591947
1,SS,19687,1.2683884147236313
1,CP,19687,1.4682923152504372
1,US,19687,1.3723366220392563
1,SS,19687,1.1397024945181329
0,CP,19687,1.6063020526980836
1,US,19687,1.254154087682764
1,CS,19687,2.7184859980752663
1,CS,19687,1.790571479132268
1,SS,19687,1.293949439201242
1,CS,19687,1.6942633518929142
1,CP,19687,1.6621995164023247
1,CS,19687,1.5988673854335502
1,CP,19687,1.8380360087694498
1,CS,19687,1.566103882479183
0,CS,19687,3.1815891559945157
1,US,19687,1.4780627125555839
1,SS,19687,1.2619251721162072
1,US,19687,1.6215488586840365
1,US,19687,1.8212578648872295
1,CS,19687,1.6371344430108365
1,US,19687,1.6377795238222461
1,CP,19687,1.2856829781831038
1,US,19687,1.701053353430325
1,CS,19687,2.1253729920863407
1,SS,19687,1.2368238088874932
1,US,19687,1.2453441182951792
1,SS,19687,1.5972858824388823
1,US,19687,1.2051199030129283
1,SS,19687,1.301098052911584
1,CS,19687,1.29311306447471
1,SS,19687,1.372435412210507
1,US,19687,1.6608150643687623
1,SS,19687,1.4047955580590497
1,CP,19687,1.8686537611620224
1,SS,19687,1.5241945674688395
1,CP,19687,1.420111412490769
1,US,19687,1.764491667891889
1,CS,19687,1.932386304542888
1,CP,19687,1.50043059528889
1,SS,19687,1.0063190300652423
0,CP,19687,1.0864592571924732
1,SS,19687,1.657068310852992
0,CP,19687,3.4728395132615333
1,CP,19687,1.457010149189955
1,SS,19687,1.1693512796773575
1,CS,19687,2.169268731284319
1,CS,19687,1.4569066396852577
1,CP,19687,1.6172540338757244
1,CS,19687,1.2257391991070108
1,US,19687,1.4885695424036385
1,CP,19687,1.20057596418701
1,CP,19687,1.36892180698851
1,CS,19687,1.120490266564957
1,CS,19687,1.2753570681397832
1,US,19687,1.0994481314501172
1,US,19687,1.6374616771845467
1,SS,19687,1.758010633790036
1,CS,19687,1.4618003987088741
1,CS,19687,1.053703746123574
1,US,19687,1.4324492834603006
1,US,19687,1.168367396463509
1,CS,19687,1.727808300023753
1,CP,19687,1.2162177503869316
1,US,19687,1.8316795813061617
1,SS,19687,1.328108060062732
1,US,19687,1.3515480766400287
1,US,19687,1.407343922785003
1,SS,19687,1.4473776713130064
1,CS,19687,1.4317918764372735
1,US,19687,1.00777131236282
1,SS,19687,1.057800939455774
1,CP,19687,1.6450431069861224
1,SS,19687,1.0845134992778185
1,SS,19687,0.9191045315092197
1,CP,19687,0.9781508371870586
1,SS,19687,1.0128012733275682
1,US,19687,1.574877559021843
1,CP,19687,1.7188012044807692
1,SS,19687,1.11877870367789
1,CP,19687,1.465843342266453
1,SS,19687,2.0497738673730055
1,CP,19687,1.5858396586427261
1,CP,19687,1.353599001391558
1,CS,19687,1.5296340245840838
1,SS,19687,1.297103960016102
1,CS,19687,1.9770602494518243
1,CP,19687,1.7134502536628133
1,CP,19687,1.0813399356993614
1,CS,19687,1.325693277432947
1,US,19687,1.5559550060825131
1,CS,19687,1.5793507649996172
1,CS,19687,1.3153299044843152
1,CP,19687,1.3397529560588737
1,CS,19687,1.8837246584407694
1,US,19687,1.331745056748332
1,US,19687,1.1151062834196637
1,CP,19687,1.69377046581576
1,CS,19687,1.4301459300313581
1,US,19687,1.2376884394543595
1,CS,19687,1.1659276395639608
1,CS,19687,1.2539587722567376
1,US,19687,1.2532261296200886
1,SS,19687,1.077844025721788
1,US,19687,1.287908391932433
