rt,response,onset,stim,error_duration,subj_idx,error_onset
2.4658727709320374,0.0,0.6498114749501838,CP,2.4658727709320374,18941,0.6498114749501838
1.2891381936842663,1.0,6.68977864326007,SS,nil,18941,nil
1.1929634646421619,1.0,10.729774243776774,CS,nil,18941,nil
1.2654892459322582,1.0,18.76972999228019,US,nil,18941,nil
1.2809274386163452,1.0,22.809729124013757,SS,nil,18941,nil
1.6168547478919209,1.0,28.84970460000659,SS,nil,18941,nil
1.177357716640472,1.0,36.88964890965508,US,nil,18941,nil
1.2407905613654293,1.0,42.92964757316622,SS,nil,18941,nil
0.9287806895990798,1.0,48.96962368983077,SS,nil,18941,nil
1.075353204865678,1.0,55.02292786272301,US,nil,18941,nil
1.42187695485336,1.0,61.076238986755925,CP,nil,18941,nil
0.9023888890005765,1.0,67.11620938850501,SS,nil,18941,nil
1.2005232246156083,1.0,71.16953054271653,CP,nil,18941,nil
1.4648788036774931,1.0,79.20950358636037,CP,nil,18941,nil
1.7123901793675032,1.0,83.24947193876142,CS,nil,18941,nil
1.3927808710723184,0.0,91.28946308364903,CP,1.3927808710723184,18941,91.28946308364903
1.4482039964295836,1.0,97.32944172389944,SS,nil,18941,nil
3.8000709351417754,nil,101.36942473656381,CP,nil,18941,nil
1.203322513762032,1.0,107.42274402691146,US,nil,18941,nil
2.0906794022394024,1.0,115.46269703225516,SS,nil,18941,nil
1.7386734386745957,1.0,123.50266811478105,CP,nil,18941,nil
1.1146256349074974,1.0,129.5426534023809,US,nil,18941,nil
2.1492914446698705,1.0,137.59594732251207,CS,nil,18941,nil
1.8851284642914834,1.0,143.6359281434543,CS,nil,18941,nil
1.4131380483067915,1.0,151.67589114388647,SS,nil,18941,nil
1.293103921234433,1.0,157.7158758028454,CS,nil,18941,nil
0.9974736572457914,1.0,165.75582989703253,CP,nil,18941,nil
0.8395764675788087,1.0,169.80915214610286,CS,nil,18941,nil
1.2745668635143375,1.0,177.8624636110253,CP,nil,18941,nil
2.346189789350319,1.0,181.90242279248923,CS,nil,18941,nil
1.1224934348647366,1.0,187.94239073080826,CS,nil,18941,nil
1.092693080941899,1.0,191.99572822667142,US,nil,18941,nil
1.1273039683565003,1.0,200.0490467028958,SS,nil,18941,nil
1.537901397647147,1.0,208.10233284773312,US,nil,18941,nil
1.0182318050101458,1.0,216.14230271508677,US,nil,18941,nil
1.3403798323615774,1.0,220.19561560372676,CS,nil,18941,nil
1.460417800459254,1.0,224.2356226070042,US,nil,18941,nil
0.9165168439631088,1.0,232.27557036064172,CP,nil,18941,nil
1.1510730737227277,1.0,236.32888602552703,US,nil,18941,nil
1.3509550346407195,1.0,244.36885800138407,CS,nil,18941,nil
1.0953694813451875,1.0,252.4088257301555,SS,nil,18941,nil
0.9855140225990908,1.0,258.4621419976138,US,nil,18941,nil
1.156106738586459,1.0,262.5154511414803,SS,nil,18941,nil
0.8520427596013178,1.0,268.5554392203667,US,nil,18941,nil
0.9425008883172268,1.0,274.6089332668271,SS,nil,18941,nil
1.4331908461099374,1.0,282.6620490319747,CS,nil,18941,nil
1.0012102226828574,1.0,290.7020198257451,SS,nil,18941,nil
1.1477749085115647,1.0,298.75530617211007,US,nil,18941,nil
0.9076752915116231,1.0,304.7952908250536,SS,nil,18941,nil
2.694346257731013,0.0,310.8485960206144,CP,2.694346257731013,18941,310.8485960206144
1.37488540891718,1.0,314.8885867063036,SS,nil,18941,nil
1.2062642456821777,1.0,322.928559325841,CP,nil,18941,nil
1.2381292032187048,1.0,328.96854142511984,US,nil,18941,nil
0.878126845065708,1.0,333.00852141489304,CS,nil,18941,nil
1.0332860094840726,1.0,337.0618259928415,CP,nil,18941,nil
0.8193281594958535,0.0,345.11514603013893,SS,0.8193281594958535,18941,345.11514603013893
1.3263690391922864,1.0,351.1684521821953,CP,nil,18941,nil
1.2140071867561346,1.0,355.20843074624827,SS,nil,18941,nil
1.037910480352366,1.0,359.24840640471666,CP,nil,18941,nil
1.7768715216716373,1.0,365.30170393928165,CP,nil,18941,nil
1.1604502010250144,1.0,371.3417083778677,SS,nil,18941,nil
0.9683234050862666,1.0,375.38169728591674,CS,nil,18941,nil
0.8913978122891422,1.0,381.4350042290389,CS,nil,18941,nil
1.117656314982014,1.0,387.4883119602164,CP,nil,18941,nil
0.9926928984641563,1.0,395.54161159827163,CS,nil,18941,nil
0.866820458397342,1.0,399.5949324095891,US,nil,18941,nil
2.6694519997199677,1.0,407.6482329620321,CP,nil,18941,nil
1.2537079196699779,1.0,415.688202856456,CP,nil,18941,nil
0.8532815819289681,1.0,419.7281744513184,CS,nil,18941,nil
0.9678997343071387,1.0,425.78148888699616,CS,nil,18941,nil
0.8990947693473572,1.0,429.83480081011476,US,nil,18941,nil
0.89328470908913,1.0,437.88810865960295,US,nil,18941,nil
0.9838506903015514,1.0,441.9414333029217,SS,nil,18941,nil
1.082401888928871,1.0,447.99474673698387,CS,nil,18941,nil
0.8529284211781487,1.0,456.04804645023614,CS,nil,18941,nil
0.8076535126674571,1.0,460.10135401497973,US,nil,18941,nil
0.9782587864319794,1.0,468.1546628420183,US,nil,18941,nil
0.8848661687006825,1.0,474.20799031672686,CS,nil,18941,nil
0.8559246764052659,1.0,482.2612747831845,CP,nil,18941,nil
1.169984329098952,1.0,488.3145840634061,US,nil,18941,nil
1.1625516207295732,1.0,492.3545672595483,SS,nil,18941,nil
1.041940422503103,1.0,496.3945542455822,US,nil,18941,nil
0.8206627367435431,1.0,502.4478471600887,US,nil,18941,nil
1.0156616208296327,1.0,510.5011737484838,SS,nil,18941,nil
1.4018014959037828,1.0,514.5544820651903,CS,nil,18941,nil
0.8897128475327918,1.0,522.5944590731815,US,nil,18941,nil
0.9483527817610593,1.0,528.6477665908023,SS,nil,18941,nil
0.8390058753338963,1.0,532.7010772987505,CP,nil,18941,nil
1.0736206408728322,1.0,536.7544030279041,SS,nil,18941,nil
0.868726307662655,1.0,542.8077219663337,SS,nil,18941,nil
1.0628608528259065,1.0,546.8610385245502,CP,nil,18941,nil
0.7937969771101052,1.0,550.9143503754804,SS,nil,18941,nil
0.812544921243898,1.0,556.9676621462022,US,nil,18941,nil
0.7591423375015438,1.0,563.0209722776453,CP,nil,18941,nil
1.1053024112934509,1.0,571.0742831740845,SS,nil,18941,nil
2.747838508506902,0.0,577.1275881831589,CP,2.747838508506902,18941,577.1275881831589
0.9483733223714808,1.0,581.1675523757021,SS,nil,18941,nil
1.7509508527255093,1.0,587.2208751461312,CP,nil,18941,nil
1.1264671001317765,1.0,593.2608434634403,CP,nil,18941,nil
1.3695542977184232,1.0,597.3141642176088,CS,nil,18941,nil
1.576991136866127,1.0,601.3541527827638,SS,nil,18941,nil
1.0013970252348372,1.0,607.3941343075439,CS,nil,18941,nil
0.9635545634100708,1.0,611.4474459298781,CP,nil,18941,nil
0.894242910997491,1.0,619.5007617351293,CP,nil,18941,nil
1.9288084630898084,1.0,623.5540678530979,CS,nil,18941,nil
0.8888149079084542,1.0,627.5940560633262,US,nil,18941,nil
1.0513973480792629,1.0,633.647376180832,CS,nil,18941,nil
0.8859073782568885,1.0,641.7006775694572,CS,nil,18941,nil
1.024561982774685,1.0,645.7539596757542,CP,nil,18941,nil
1.0752307492548425,1.0,649.8073127402531,CS,nil,18941,nil
1.0937947091915703,1.0,657.8606035743305,US,nil,18941,nil
1.016868683263965,1.0,665.9139013475178,US,nil,18941,nil
1.0030584054384235,1.0,669.9672285836041,CP,nil,18941,nil
3.8001008632527373,nil,676.0205437471814,CS,nil,18941,nil
1.160323314850757,1.0,682.073844824994,US,nil,18941,nil
0.9682120183679217,1.0,690.1138144848064,CS,nil,18941,nil
3.1231774872412643,0.0,698.1671243074434,CS,3.1231774872412643,18941,698.1671243074434
0.9947498711644585,1.0,706.207107782313,US,nil,18941,nil
1.0373390669647051,1.0,710.2603901322454,SS,nil,18941,nil
0.8158856174613902,1.0,718.3137117937822,US,nil,18941,nil
2.7101641214758274,0.0,0.6447270695607585,CP,2.7101641214758274,20732,0.6447270695607585
2.070164074686545,1.0,6.684696135593185,SS,nil,20732,nil
1.8381695162061078,1.0,10.724676288191404,CS,nil,20732,nil
1.933965726995666,1.0,18.76464649152149,US,nil,20732,nil
1.3339111066179612,1.0,22.804635096150378,SS,nil,20732,nil
1.1418703573981475,1.0,28.84462157156304,SS,nil,20732,nil
1.5044225100100448,1.0,36.89791798788792,US,nil,20732,nil
1.4803749640741444,1.0,42.93789891383494,SS,nil,20732,nil
1.1762649676838919,1.0,48.97787306913233,SS,nil,20732,nil
1.8240983874638914,1.0,55.017848614053946,US,nil,20732,nil
2.2080944842891768,1.0,61.057828042095935,CP,nil,20732,nil
1.3840092427581112,1.0,67.09780386072998,SS,nil,20732,nil
2.5920766818835546,1.0,71.13779059748958,CP,nil,20732,nil
1.0319939732908097,0.0,79.17776134824817,CP,1.0319939732908097,20732,79.17776134824817
2.090965817898905,1.0,83.23108245827461,CS,nil,20732,nil
2.0504102209761186,1.0,91.2710487544191,CP,nil,20732,nil
1.2343205863289768,1.0,97.31103200843427,SS,nil,20732,nil
2.0742610090310336,1.0,101.35101134891556,CP,nil,20732,nil
1.554676049234331,1.0,107.39099055738552,US,nil,20732,nil
1.4820160839262826,0.0,115.43096382871408,SS,1.4820160839262826,20732,115.43096382871408
1.674429925671575,1.0,123.47093614354708,CP,nil,20732,nil
1.7218506747594802,1.0,129.51090770307928,US,nil,20732,nil
1.6342086893164378,1.0,137.55088427701594,CS,nil,20732,nil
2.7543635095480568,0.0,143.59085717202834,CS,2.7543635095480568,20732,143.59085717202834
1.2335557646947564,1.0,151.6308338753006,SS,nil,20732,nil
3.800017253308397,nil,157.67081501781286,CS,nil,20732,nil
1.7587626249078312,1.0,165.7374438282459,CP,nil,20732,nil
2.6147344762030116,0.0,169.7774279181067,CS,2.6147344762030116,20732,169.7774279181067
1.191650134685915,0.0,177.81740841426654,CP,1.191650134685915,20732,177.81740841426654
1.7665803390846122,1.0,181.85738518605103,CS,nil,20732,nil
2.4944950470890035,1.0,187.89736329064363,CS,nil,20732,nil
2.1664465810881666,1.0,191.937356346878,US,nil,20732,nil
1.1583430361806677,1.0,199.97731909377035,SS,nil,20732,nil
1.9261593884730246,1.0,208.01729478039306,US,nil,20732,nil
1.214153867415007,1.0,216.05725924175567,US,nil,20732,nil
2.3100647958999616,1.0,220.0972486976043,CS,nil,20732,nil
1.3420442530186847,1.0,224.1372351997543,US,nil,20732,nil
1.4459306191474752,1.0,232.1772102727773,CP,nil,20732,nil
2.1179065544201876,1.0,236.21719335501257,US,nil,20732,nil
1.5503137361374684,1.0,244.25716469530562,CS,nil,20732,nil
1.5416981652160757,1.0,252.29713245927633,SS,nil,20732,nil
1.0615861963524367,1.0,258.3371092193647,US,nil,20732,nil
1.3287807625201822,1.0,262.39042872320533,SS,nil,20732,nil
1.904137093692043,1.0,268.4304028995575,US,nil,20732,nil
1.9440718543010007,1.0,274.4703800927746,SS,nil,20732,nil
1.2719750820469926,1.0,282.51034742060983,CS,nil,20732,nil
1.320248770460239,1.0,290.55032379903605,SS,nil,20732,nil
1.319814107439015,1.0,298.59029136148274,US,nil,20732,nil
1.1836463284289493,1.0,304.63026749293203,SS,nil,20732,nil
1.1836171132763411,1.0,310.6702455644372,CP,nil,20732,nil
0.9915082124080072,1.0,314.71023649112067,SS,nil,20732,nil
3.034523747903222,1.0,322.76353886296965,CP,nil,20732,nil
1.482438062883375,1.0,328.8035140619886,US,nil,20732,nil
1.233994076226736,1.0,332.843498118762,CS,nil,20732,nil
1.3938820458661212,1.0,336.88348317714735,CP,nil,20732,nil
0.865844834870586,1.0,344.9234536030581,SS,nil,20732,nil
1.180894316852573,0.0,350.9767685924635,CP,1.180894316852573,20732,350.9767685924635
1.3804171052543097,1.0,355.01674909096255,SS,nil,20732,nil
1.7802926505082723,1.0,359.0567351960781,CP,nil,20732,nil
1.8041828502973658,1.0,365.09671650101154,CP,nil,20732,nil
1.3161778930407309,1.0,371.13669388372364,SS,nil,20732,nil
1.0760851061768335,1.0,375.176672270718,CS,nil,20732,nil
1.59870976244747,1.0,381.22998902572726,CS,nil,20732,nil
1.7505645723176713,1.0,387.26996203202907,CP,nil,20732,nil
1.3584506931401847,1.0,395.3099330925943,CS,nil,20732,nil
1.35053661076563,1.0,399.34991940524924,US,nil,20732,nil
1.598325288252454,1.0,407.3898893258429,CP,nil,20732,nil
2.894198567933927,1.0,415.4298590779963,CP,nil,20732,nil
1.1422216821847542,1.0,419.4698449274438,CS,nil,20732,nil
1.6091475161920243,1.0,425.52316116209477,CS,nil,20732,nil
1.104714498458634,1.0,429.56314237646075,US,nil,20732,nil
1.451753614755944,1.0,437.6164479546678,US,nil,20732,nil
1.2033130690670077,1.0,441.65643147905575,SS,nil,20732,nil
1.3555443402456149,1.0,447.6964078300771,CS,nil,20732,nil
1.395516939488516,1.0,455.73638270157426,CS,nil,20732,nil
1.1232014076704218,1.0,459.776363669298,US,nil,20732,nil
1.7415573144007794,1.0,467.8296711935782,US,nil,20732,nil
1.149994296800287,1.0,473.8696454330948,CS,nil,20732,nil
0.9419323697111395,1.0,481.90962209425925,CP,nil,20732,nil
0.984088381381298,1.0,487.9629334532019,US,nil,20732,nil
0.8026412281342346,1.0,492.01624936267217,SS,nil,20732,nil
0.9652964771503321,1.0,496.0695678047432,US,nil,20732,nil
1.3277976017488982,1.0,502.1228820632441,US,nil,20732,nil
1.5597109846330568,1.0,510.1628581318637,SS,nil,20732,nil
1.1196945364263229,1.0,514.2028327470271,CS,nil,20732,nil
1.234305426811261,1.0,522.25613755222,US,nil,20732,nil
1.0342512312090548,1.0,528.2961193053216,SS,nil,20732,nil
0.948883359622414,1.0,532.3494321889048,CP,nil,20732,nil
1.1834709562917851,1.0,536.4027601417692,SS,nil,20732,nil
1.8152213449739065,0.0,542.4427338398764,SS,1.8152213449739065,20732,542.4427338398764
1.4472604275142658,1.0,546.4827137458306,CP,nil,20732,nil
0.9837849384057336,1.0,550.5226985335103,SS,nil,20732,nil
1.0579046447728615,1.0,556.576015351684,US,nil,20732,nil
1.7088954999362613,1.0,562.629321687531,CP,nil,20732,nil
1.1082255806795729,1.0,570.6692913494498,SS,nil,20732,nil
1.3829506664042128,1.0,576.7226057402968,CP,nil,20732,nil
1.238769958357807,1.0,580.7625882961584,SS,nil,20732,nil
1.8552298848990176,1.0,586.8025660759049,CP,nil,20732,nil
2.375127804476506,1.0,592.8425486591714,CP,nil,20732,nil
2.0951379211819585,1.0,596.8825287275504,CS,nil,20732,nil
1.2176484125284333,1.0,600.9358466612975,SS,nil,20732,nil
1.0012435902917787,1.0,606.975823785333,CS,nil,20732,nil
1.2838000006686343,1.0,611.0291544873635,CP,nil,20732,nil
1.291652596768472,0.0,619.0691179591468,CP,1.291652596768472,20732,619.0691179591468
1.483632226671034,1.0,623.1091056915029,CS,nil,20732,nil
1.7880802291310829,1.0,627.1490883135375,US,nil,20732,nil
1.6440200542747334,1.0,633.1890665354349,CS,nil,20732,nil
1.2513801158347633,1.0,641.2290426461641,CS,nil,20732,nil
0.9716503024537815,1.0,645.2690197999455,CP,nil,20732,nil
0.9020574500864313,1.0,649.3223423026011,CS,nil,20732,nil
1.2570389765987784,1.0,657.3756482086628,US,nil,20732,nil
0.9688902058023814,1.0,665.4156144626995,US,nil,20732,nil
0.8831514765151951,1.0,669.4689332536818,CP,nil,20732,nil
1.4696206531698408,1.0,675.5222431748753,CS,nil,20732,nil
1.1500911973889743,1.0,681.5622198086348,US,nil,20732,nil
0.9020354597651021,1.0,689.6021948184934,CS,nil,20732,nil
0.9761043727303331,1.0,697.655497939295,CS,nil,20732,nil
1.8350310602963873,1.0,705.7088010841599,US,nil,20732,nil
1.1946682228353893,1.0,709.7487821030154,SS,nil,20732,nil
1.1624297288271919,1.0,717.7887521890389,US,nil,20732,nil
1.601516006777274,1.0,0.5598681248056891,CP,nil,19679,nil
1.0240774391158993,1.0,6.599846235674704,SS,nil,19679,nil
1.443177788027242,1.0,10.653166992851766,CS,nil,19679,nil
1.5146285575347065,1.0,18.69314683122957,US,nil,19679,nil
1.2271397778204118,1.0,22.73312671272015,SS,nil,19679,nil
1.1630078153984869,1.0,28.77313433060317,SS,nil,19679,nil
2.035031313728723,1.0,36.813100284743086,US,nil,19679,nil
0.8023847722552091,1.0,42.85309565465832,SS,nil,19679,nil
0.9649054341834926,1.0,48.90642407684027,SS,nil,19679,nil
1.3920334442891544,1.0,54.95974157751698,US,nil,19679,nil
1.2794851231710709,1.0,60.99972753286056,CP,nil,19679,nil
3.1273263086659426,0.0,67.03971655921941,SS,3.1273263086659426,19679,67.03971655921941
1.3038490941362397,1.0,71.07970528078295,CP,nil,19679,nil
1.3832709983053064,0.0,79.11968976929802,CP,1.3832709983053064,19679,79.11968976929802
1.5357115471379075,1.0,83.15968317408442,CS,nil,19679,nil
1.4712195450119907,1.0,91.19974696156987,CP,nil,19679,nil
1.5516346654767403,1.0,97.23965183729524,SS,nil,19679,nil
1.9435032204046365,1.0,101.27964707987849,CP,nil,19679,nil
1.6953189915684561,1.0,107.3196423745976,US,nil,19679,nil
1.310823409097793,1.0,115.35961192011109,SS,nil,19679,nil
1.1991834407799615,1.0,123.39960552542107,CP,nil,19679,nil
1.239262991407486,1.0,129.43957313889223,US,nil,19679,nil
1.2786338954665553,1.0,137.47956841656742,CS,nil,19679,nil
1.4305088240307668,0.0,143.51956179829358,CS,1.4305088240307668,19679,143.51956179829358
1.2469920422299765,1.0,151.55954124565142,SS,nil,19679,nil
1.2308623056178476,1.0,157.59953592977672,CS,nil,19679,nil
1.150265706493883,1.0,165.639524289395,CP,nil,19679,nil
1.830269082304767,1.0,169.6795063666168,CS,nil,19679,nil
0.8867922999033908,0.0,177.71948864736987,CP,0.8867922999033908,19679,177.71948864736987
1.137664719919485,1.0,181.77280158112717,CS,nil,19679,nil
1.4199317177826742,1.0,187.826126721744,CS,nil,19679,nil
1.0678167767873674,1.0,191.86612828382113,US,nil,19679,nil
1.4937325990831596,1.0,199.91960418191502,SS,nil,19679,nil
0.9979020052332999,1.0,207.95942203250524,US,nil,19679,nil
0.9928580595351377,1.0,216.01273717602908,US,nil,19679,nil
2.779500502310839,1.0,220.0660749726785,CS,nil,19679,nil
1.043602813342659,1.0,224.10605738076356,US,nil,19679,nil
3.2940876728262083,1.0,232.15937798052892,CP,nil,19679,nil
1.0381198959275935,1.0,236.19936029236305,US,nil,19679,nil
1.080646757035538,1.0,244.2526765006669,CS,nil,19679,nil
0.875237858811488,1.0,252.30597734186267,SS,nil,19679,nil
1.0852635849569197,1.0,258.3593201656322,US,nil,19679,nil
0.7998978664309107,1.0,262.41264946209594,SS,nil,19679,nil
1.0744759953477114,1.0,268.4659612448486,US,nil,19679,nil
1.2771697761154428,1.0,274.5192823248681,SS,nil,19679,nil
3.0769812861572063,0.0,282.5592788477925,CS,3.0769812861572063,19679,282.5592788477925
0.8770062312632945,1.0,290.59926224445826,SS,nil,19679,nil
1.4156650938948587,1.0,298.6525768435613,US,nil,19679,nil
1.0875283339519228,1.0,304.6925398309586,SS,nil,19679,nil
1.4821900029073731,0.0,310.7458706503976,CP,1.4821900029073731,19679,310.7458706503976
0.8985317989945543,1.0,314.78586224145056,SS,nil,19679,nil
1.5005332888840712,1.0,322.8391982744961,CP,nil,19679,nil
1.4050405117359333,1.0,328.8791725293013,US,nil,19679,nil
1.2928669176544645,1.0,332.9191600176464,CS,nil,19679,nil
1.0768992490402525,1.0,336.9591667863124,CP,nil,19679,nil
0.8796297115468406,1.0,345.0124823088263,SS,nil,19679,nil
2.641642791686536,1.0,351.065805271759,CP,nil,19679,nil
0.906114845747652,1.0,355.1058016422867,SS,nil,19679,nil
3.800094330202228,nil,359.159116308565,CP,nil,19679,nil
1.703550320336035,0.0,365.2124198979336,CP,1.703550320336035,19679,365.2124198979336
0.9587794082553955,1.0,371.2524117366329,SS,nil,19679,nil
1.4413057530146034,1.0,375.3057359618606,CS,nil,19679,nil
1.1618656172613555,1.0,381.3457472854152,CS,nil,19679,nil
0.9852686211006585,1.0,387.38573521691615,CP,nil,19679,nil
1.2597356550595578,1.0,395.43903898174267,CS,nil,19679,nil
1.0443339105067935,1.0,399.47902628660813,US,nil,19679,nil
1.014898658499078,1.0,407.5323554286688,CP,nil,19679,nil
1.0733057068946437,1.0,415.5856673748485,CP,nil,19679,nil
1.276191975054644,1.0,419.63900722585913,CS,nil,19679,nil
0.8755632149905068,1.0,425.67898051213706,CS,nil,19679,nil
1.182174671894245,1.0,429.732283134982,US,nil,19679,nil
0.9665988600245328,1.0,437.77229481145787,US,nil,19679,nil
0.7932452561190075,1.0,441.8256255396582,SS,nil,19679,nil
0.8993286327322494,1.0,447.8789402640896,CS,nil,19679,nil
0.9498229920091035,1.0,455.93225134701606,CS,nil,19679,nil
1.1369961198724923,1.0,459.9855754007958,US,nil,19679,nil
0.95552040525763,1.0,468.03890380292523,US,nil,19679,nil
0.8941524980200484,1.0,474.0922241851231,CS,nil,19679,nil
1.0566871013343189,1.0,482.14552707165694,CP,nil,19679,nil
1.7153264580556424,1.0,488.1988640902755,US,nil,19679,nil
0.9873054291701919,1.0,492.2388351106383,SS,nil,19679,nil
0.917786484725184,1.0,496.2921876638029,US,nil,19679,nil
0.9839904109730924,1.0,502.34549524759586,US,nil,19679,nil
0.9230680205328099,1.0,510.3988080510135,SS,nil,19679,nil
1.0617340187891386,1.0,514.4521140516745,CS,nil,19679,nil
0.9198482639694703,1.0,522.5054661195718,US,nil,19679,nil
0.938325065420031,1.0,528.5587724490924,SS,nil,19679,nil
0.741576824511867,0.0,532.6121176450533,CP,0.741576824511867,19679,532.6121176450533
1.680074796217923,1.0,536.6654326391881,SS,nil,19679,nil
0.8801427094722385,1.0,542.7054195901301,SS,nil,19679,nil
0.9386369855319572,1.0,546.7587503995428,CP,nil,19679,nil
0.9892268470712224,1.0,550.812067159286,SS,nil,19679,nil
1.0079741385006855,1.0,556.8653907418366,US,nil,19679,nil
1.0823371208853132,1.0,562.918875671503,CP,nil,19679,nil
1.3089724591181948,1.0,570.9720199841586,SS,nil,19679,nil
1.0610622635076652,1.0,577.0120058522743,CP,nil,19679,nil
0.9515399031470224,1.0,581.0653454716812,SS,nil,19679,nil
0.9297212023384418,1.0,587.1186803727733,CP,nil,19679,nil
0.9082688517028146,1.0,593.1719853246977,CP,nil,19679,nil
0.8715423174489842,1.0,597.2253167988447,CS,nil,19679,nil
0.7135155736468732,1.0,601.2786409669234,SS,nil,19679,nil
0.8846579111477695,1.0,607.3319558357316,CS,nil,19679,nil
1.1028516989345007,1.0,611.3852770290459,CP,nil,19679,nil
0.9058572624544468,1.0,619.438574946611,CP,nil,19679,nil
0.9963501348520367,1.0,623.4919246693871,CS,nil,19679,nil
1.015074945607921,1.0,627.545251261793,US,nil,19679,nil
0.9452055384554114,1.0,633.5985666509587,CS,nil,19679,nil
0.8523779574688888,1.0,641.6518897953656,CS,nil,19679,nil
2.3184091077710036,1.0,645.7052134671494,CP,nil,19679,nil
0.9903296393586061,1.0,649.7451985101115,CS,nil,19679,nil
0.713451289866498,1.0,657.798514531928,US,nil,19679,nil
0.7474180972340037,1.0,665.851848799366,US,nil,19679,nil
0.9266675543167366,1.0,669.9051757737698,CP,nil,19679,nil
0.833102063385013,1.0,675.958491081723,CS,nil,19679,nil
0.9000263156840447,1.0,682.0118164840233,US,nil,19679,nil
1.1265379620808744,1.0,690.0650966191761,CS,nil,19679,nil
1.1448648251935083,1.0,698.1184509309296,CS,nil,19679,nil
1.840905768054654,1.0,706.1584216705605,US,nil,19679,nil
1.9683693790793768,1.0,710.1983885310665,SS,nil,19679,nil
0.9601905322897437,1.0,718.2383907989852,US,nil,19679,nil
1.2272367701807525,0.0,0.5598229648621782,CP,1.2272367701807525,20054,0.5598229648621782
3.2910978159743536,0.0,6.599794521385775,SS,3.2910978159743536,20054,6.599794521385775
1.5737046765243576,1.0,10.653094429146222,CS,nil,20054,nil
2.93359939174843,1.0,18.693043003095227,US,nil,20054,nil
0.9657194757674006,1.0,22.733043539827122,SS,nil,20054,nil
1.6083199479980976,0.0,28.786338818854347,SS,1.6083199479980976,20054,28.786338818854347
1.7121507382580603,1.0,36.82629172108682,US,nil,20054,nil
1.2884592447662726,1.0,42.86625443456069,SS,nil,20054,nil
1.7039459481038648,0.0,48.90623045772736,SS,1.7039459481038648,20054,48.90623045772736
2.5199355570184707,1.0,54.94619352913287,US,nil,20054,nil
3.800118331784688,nil,60.98615895567855,CP,nil,20054,nil
0.9224729625220789,1.0,67.03946275591807,SS,nil,20054,nil
1.5091575968017423,1.0,71.09277218349234,CP,nil,20054,nil
0.8850541972751671,0.0,79.13271134290153,CP,0.8850541972751671,20054,79.13271134290153
1.1436658005204663,0.0,83.18602431671934,CS,1.1436658005204663,20054,83.18602431671934
1.7355074343795422,0.0,91.22599257397633,CP,1.7355074343795422,20054,91.22599257397633
1.623485434365648,1.0,97.26595420462763,SS,nil,20054,nil
0.8635395266992418,0.0,101.30592823025472,CP,0.8635395266992418,20054,101.30592823025472
3.8001056266675732,nil,107.3592370987044,US,nil,20054,nil
1.6765840266962186,1.0,115.41249413939113,SS,nil,20054,nil
1.9005354333639843,1.0,123.45248570139483,CP,nil,20054,nil
3.8000337272478646,nil,129.4924312280691,US,nil,20054,nil
1.5991068184393953,1.0,137.54571998041683,CS,nil,20054,nil
1.1830049034469994,0.0,143.58568823132373,CS,1.1830049034469994,20054,143.58568823132373
0.9029620490746311,1.0,151.62565090302087,SS,nil,20054,nil
1.3939677813505114,1.0,157.67894475633148,CS,nil,20054,nil
1.2573700225257198,0.0,165.71889293324602,CP,1.2573700225257198,20054,165.71889293324602
1.2814274311713234,0.0,169.7588800369631,CS,1.2814274311713234,20054,169.7588800369631
1.08195137257826,0.0,177.79883237372087,CP,1.08195137257826,20054,177.79883237372087
1.979981784517804,1.0,181.852138098644,CS,nil,20054,nil
1.9637808941988624,1.0,187.8920984660017,CS,nil,20054,nil
1.819874555339993,1.0,191.93209086050956,US,nil,20054,nil
1.092248789511359,1.0,199.97202804677545,SS,nil,20054,nil
3.8000460112707515,nil,208.02532163272372,US,nil,20054,nil
1.2728584366595896,1.0,216.07859413972437,US,nil,20054,nil
1.7287579066105536,1.0,220.11857326664904,CS,nil,20054,nil
2.016852310689501,1.0,224.15856102006,US,nil,20054,nil
1.7606939111283282,1.0,232.19851643985385,CP,nil,20054,nil
1.2486973657996714,1.0,236.23848914804694,US,nil,20054,nil
1.24065492684349,0.0,244.27845162724225,CS,1.24065492684349,20054,244.27845162724225
1.0246533898371126,1.0,252.31838801041522,SS,nil,20054,nil
0.8755169939649932,0.0,258.37170711153885,US,0.8755169939649932,20054,258.37170711153885
0.709807027316856,1.0,262.4250116844578,SS,nil,20054,nil
1.6162845560756978,1.0,268.4783179571423,US,nil,20054,nil
1.2727794808452018,1.0,274.5182698363733,SS,nil,20054,nil
1.3687017712836678,1.0,282.5582277586909,CS,nil,20054,nil
1.0721615527800168,1.0,290.59817376394494,SS,nil,20054,nil
3.800164718701126,nil,298.65149010420646,US,nil,20054,nil
3.800106234250052,nil,304.70476933339705,SS,nil,20054,nil
3.8000408438001614,nil,310.75808565527586,CP,nil,20054,nil
1.0750996293681965,1.0,314.811382082964,SS,nil,20054,nil
1.5810034540045308,0.0,322.8646841028949,CP,1.5810034540045308,20054,322.8646841028949
1.5015625289925083,1.0,328.9046385117217,US,nil,20054,nil
1.0215807875865721,0.0,332.94458966873754,CS,1.0215807875865721,20054,332.94458966873754
1.0397067439134844,0.0,336.99793172837235,CP,1.0397067439134844,20054,336.99793172837235
0.8181913631542557,1.0,345.0512060551173,SS,nil,20054,nil
0.8051829104533681,0.0,351.10449700285426,CP,0.8051829104533681,20054,351.10449700285426
1.9834258851406048,0.0,355.157835874179,SS,1.9834258851406048,20054,355.157835874179
3.8000824813352665,nil,359.1978112082161,CP,nil,20054,nil
2.2179792555944005,1.0,365.25110008655975,CP,nil,20054,nil
2.737943010781237,0.0,371.29106114572096,SS,2.737943010781237,20054,371.29106114572096
3.800080824014003,nil,375.33103930111247,CS,nil,20054,nil
1.2045263837735547,1.0,381.3843347756483,CS,nil,20054,nil
0.708457920645742,0.0,387.42430117372714,CP,0.708457920645742,20054,387.42430117372714
1.7588926538501255,1.0,395.47759642601704,CS,nil,20054,nil
3.8001114167600463,nil,399.5175761785722,US,nil,20054,nil
2.6095351563071745,0.0,407.57087748564663,CP,2.6095351563071745,20054,407.57087748564663
0.8900761989589228,0.0,415.6108061476916,CP,0.8900761989589228,20054,415.6108061476916
2.0599573411363963,1.0,419.6641359894802,CS,nil,20054,nil
0.9559567626274657,0.0,425.70409332794225,CS,0.9559567626274657,20054,425.70409332794225
1.1265855018755246,1.0,429.7573899000072,US,nil,20054,nil
2.049231508466619,1.0,437.8106740684052,US,nil,20054,nil
1.0891967608895357,1.0,441.8506606758292,SS,nil,20054,nil
1.6837382293178962,1.0,447.9039704345996,CS,nil,20054,nil
1.515605856264301,1.0,455.94392708159285,CS,nil,20054,nil
2.1236092394174193,1.0,459.98388815545877,US,nil,20054,nil
1.2759268158988561,1.0,468.02385697819045,US,nil,20054,nil
1.4040272540423757,1.0,474.0638183922765,CS,nil,20054,nil
1.0113495130626688,0.0,482.1037754603676,CP,1.0113495130626688,20054,482.1037754603676
2.789935202094057,1.0,488.1570837332656,US,nil,20054,nil
1.093986882140598,1.0,492.19705821006755,SS,nil,20054,nil
2.096687765106253,0.0,496.25034867621616,US,2.096687765106253,20054,496.25034867621616
1.392976890427235,0.0,502.29032807117255,US,1.392976890427235,20054,502.29032807117255
1.0403432029488613,1.0,510.3302873379944,SS,nil,20054,nil
3.800114454679715,nil,514.383607891572,CS,nil,20054,nil
1.0856908762161765,0.0,522.4368889558791,US,1.0856908762161765,20054,522.4368889558791
2.264201554718966,0.0,528.4901949939522,SS,2.264201554718966,20054,528.4901949939522
0.8481146020640153,0.0,532.53016472739,CP,0.8481146020640153,20054,532.53016472739
0.8347944197885226,1.0,536.5834707320428,SS,nil,20054,nil
1.3093578434454685,1.0,542.6367604435563,SS,nil,20054,nil
2.0693085034981777,1.0,546.6767444281431,CP,nil,20054,nil
0.9092458608774905,1.0,550.7167187244759,SS,nil,20054,nil
1.2238866645730013,1.0,556.7700247836037,US,nil,20054,nil
0.9278898455304443,0.0,562.8099804497069,CP,0.9278898455304443,20054,562.8099804497069
0.8584487477364746,1.0,570.8632656407717,SS,nil,20054,nil
1.613029299707705,0.0,576.9165764342397,CP,1.613029299707705,20054,576.9165764342397
1.812969049991807,0.0,580.9565433192529,SS,1.812969049991807,20054,580.9565433192529
0.9249033096275525,0.0,586.996503530203,CP,0.9249033096275525,20054,586.996503530203
0.9680194961547386,0.0,593.0498155448549,CP,0.9680194961547386,20054,593.0498155448549
0.7142336330034595,0.0,597.103129977475,CS,0.7142336330034595,20054,597.103129977475
3.8000806676081993,nil,601.1564414563964,SS,nil,20054,nil
0.9914652634543017,0.0,607.2097533597589,CS,0.9914652634543017,20054,607.2097533597589
1.1140976431888703,0.0,611.263031183953,CP,1.1140976431888703,20054,611.263031183953
0.8765235948358168,0.0,619.316348074648,CP,0.8765235948358168,20054,619.316348074648
3.8001508585712145,nil,623.3696523437775,CS,nil,20054,nil
1.4102954461286572,1.0,627.4229412217846,US,nil,20054,nil
1.9697031966661598,1.0,633.4629292191657,CS,nil,20054,nil
1.0657847806614882,0.0,641.5028719428647,CS,1.0657847806614882,20054,641.5028719428647
0.8524241365830676,0.0,645.5561941447377,CP,0.8524241365830676,20054,645.5561941447377
1.5348745543378755,1.0,649.609515351016,CS,nil,20054,nil
1.0788546594794752,0.0,657.6494465907799,US,1.0788546594794752,20054,657.6494465907799
1.2253791610128246,1.0,665.7027507402636,US,nil,20054,nil
1.5693336797921802,0.0,669.7427107373223,CP,1.5693336797921802,20054,669.7427107373223
1.2898014544571197,1.0,675.7826806425419,CS,nil,20054,nil
2.097177952864513,1.0,681.8226634513976,US,nil,20054,nil
1.001720528511214,0.0,689.8626187057598,CS,1.001720528511214,20054,689.8626187057598
3.80002556096224,nil,697.9159093169528,CS,nil,20054,nil
1.4063112486546743,1.0,705.969186389857,US,nil,20054,nil
3.800025239122988,nil,710.0091566917763,SS,nil,20054,nil
1.1768950109963043,1.0,718.0624642280891,US,nil,20054,nil
1.5806542596183135,1,0.6462925966770854,CP,nil,18439,nil
0.9805720490476233,1,6.6862486569953035,SS,nil,18439,nil
1.4391287791131617,1,10.73956254724726,CS,nil,18439,nil
1.3111948936730187,1,18.7795060146982,US,nil,18439,nil
0.999131596467123,1,22.81950546526423,SS,nil,18439,nil
1.12964758018461,1,28.872827249120746,SS,nil,18439,nil
1.1402850088743435,1,36.9261178185061,US,nil,18439,nil
0.9669705070227792,1,42.97943247074909,SS,nil,18439,nil
1.1535195329797716,1,49.032719189082854,SS,nil,18439,nil
1.034623128365638,1,55.072701498911556,US,nil,18439,nil
1.227619292354575,1,61.12598857818921,CP,nil,18439,nil
1.0840644782892923,1,67.16595518703798,SS,nil,18439,nil
1.7746983256311069,1,71.2192913504241,CP,nil,18439,nil
1.4065326522213581,1,79.2592582099278,CP,nil,18439,nil
1.4781828001086978,1,83.29920319132907,CS,nil,18439,nil
1.3985000100256002,1,91.3391955092793,CP,nil,18439,nil
1.270613612528905,1,97.37915708900255,SS,nil,18439,nil
1.3420088360617228,1,101.41913651329924,CP,nil,18439,nil
1.1979134751709353,1,107.45909159907387,US,nil,18439,nil
2.7418210208652454,0,115.4990688296457,SS,2.7418210208652454,18439,115.4990688296457
2.0542032956018375,1,123.53902934559119,CP,nil,18439,nil
1.029714662266997,1,129.57901095459056,US,nil,18439,nil
1.1048515705988393,1,137.6323164098285,CS,nil,18439,nil
1.0674047704505938,1,143.6855957108055,CS,nil,18439,nil
1.2138123502354574,1,151.73889047914963,SS,nil,18439,nil
1.2054447598220577,1,157.77887971305063,CS,nil,18439,nil
1.2459048275995883,1,165.81884626274586,CP,nil,18439,nil
1.3334024313462578,1,169.85883379019288,CS,nil,18439,nil
0.9658200914400368,1,177.89877121186328,CP,nil,18439,nil
0.9684215031229542,1,181.95211837495845,CS,nil,18439,nil
1.3145499764377746,1,188.00541458005318,CS,nil,18439,nil
0.9390107741201064,1,192.04539058141745,US,nil,18439,nil
1.101613198448831,1,200.09866245400553,SS,nil,18439,nil
1.0396523145409446,1,208.1519789420381,US,nil,18439,nil
0.8748096672316024,1,216.20524502752232,US,nil,18439,nil
1.3094244668591273,1,220.25856553203812,CS,nil,18439,nil
1.3970218620597734,1,224.29853805031053,US,nil,18439,nil
1.0608529441851715,1,232.33854144015822,CP,nil,18439,nil
1.4555731068085151,1,236.39182825975695,US,nil,18439,nil
2.087885283590367,1,244.43178917875593,CS,nil,18439,nil
1.2079438865439442,1,252.47174450014427,SS,nil,18439,nil
1.5593145890779851,1,258.51174645123683,US,nil,18439,nil
0.9758022929854633,1,262.55172583342573,SS,nil,18439,nil
1.2099489407355577,1,268.6050265863905,US,nil,18439,nil
0.9700755381545605,1,274.6449809833666,SS,nil,18439,nil
0.956970375680612,1,282.69830204634127,CS,nil,18439,nil
1.0550470467933337,1,290.751563409498,SS,nil,18439,nil
1.2100855091775884,1,298.80487662799896,US,nil,18439,nil
1.0100457804874168,1,304.8448565586168,SS,nil,18439,nil
1.4841682992610004,1,310.8981657215336,CP,nil,18439,nil
0.8366534174201661,1,314.9381453563801,SS,nil,18439,nil
1.0626688015709078,1,322.99143994425503,CP,nil,18439,nil
1.1699619055725634,1,329.0447191369476,US,nil,18439,nil
1.4413401658330258,1,333.08472555971093,CS,nil,18439,nil
1.2492941036107368,1,337.12469975335625,CP,nil,18439,nil
0.961302555670045,1,345.1646508667618,SS,nil,18439,nil
1.0043319654287188,1,351.2179649535283,CP,nil,18439,nil
1.302448798363912,1,355.2712785339736,SS,nil,18439,nil
0.9425683965164353,1,359.31123098386706,CP,nil,18439,nil
1.5451359127328033,0,365.3645668294248,CP,1.5451359127328033,18439,365.3645668294248
1.1450152447887376,1,371.4045036274674,SS,nil,18439,nil
0.8654901101872383,1,375.4445258233991,CS,nil,18439,nil
1.1795799045521562,1,381.4978261612814,CS,nil,18439,nil
1.660067016913672,1,387.5377822366372,CP,nil,18439,nil
1.0838723939486954,1,395.5777394349243,CS,nil,18439,nil
1.1020787535471754,1,399.63108598141116,US,nil,18439,nil
1.0887708017926343,1,407.6843447848878,CP,nil,18439,nil
1.2117846830224153,1,415.73765038450256,CP,nil,18439,nil
1.8752462557276885,1,419.7776363869689,CS,nil,18439,nil
1.1792188933122816,1,425.81759261572734,CS,nil,18439,nil
0.9477195359886537,1,429.8575709571978,US,nil,18439,nil
1.254158191881288,1,437.9108954761923,US,nil,18439,nil
0.8378351898463734,1,441.95085890474184,SS,nil,18439,nil
0.864946708910793,1,448.0041944555287,CS,nil,18439,nil
1.955008022940092,1,456.05746287209513,CS,nil,18439,nil
0.9635714344440203,1,460.09743158543824,US,nil,18439,nil
0.9660567671635363,1,468.1507515655867,US,nil,18439,nil
0.9446781058559282,1,474.2040439146167,CS,nil,18439,nil
0.9547058763382665,1,482.2573417479616,CP,nil,18439,nil
1.2539381315218634,1,488.3106253441474,US,nil,18439,nil
0.9179428989664302,1,492.35061417700126,SS,nil,18439,nil
0.9199800920396228,1,496.4039380382801,US,nil,18439,nil
0.8911186296227243,1,502.45724132385476,US,nil,18439,nil
0.8612451969638641,1,510.51054267939253,SS,nil,18439,nil
0.8803266605846147,1,514.5638500005007,CS,nil,18439,nil
0.7944691745451564,1,522.6171261773234,US,nil,18439,nil
0.8854991738426179,1,528.6704438705019,SS,nil,18439,nil
1.1121535698166554,1,532.7237656593716,CP,nil,18439,nil
0.8504326331731136,1,536.777069229689,SS,nil,18439,nil
0.9095835620973958,1,542.830359521351,SS,nil,18439,nil
0.775650542916992,1,546.8836856054295,CP,nil,18439,nil
1.8421925535640185,1,550.9369982203552,SS,nil,18439,nil
0.7866686722336453,1,556.9769745746398,US,nil,18439,nil
1.0047289746235037,1,563.0302648632933,CP,nil,18439,nil
1.215922504736227,1,571.0835637223154,SS,nil,18439,nil
1.1118360881901026,1,577.1235332728411,CP,nil,18439,nil
0.8180154222518468,1,581.1768546466283,SS,nil,18439,nil
1.1811030168737489,1,587.2301598782815,CP,nil,18439,nil
0.9644674129467603,1,593.2701296213108,CP,nil,18439,nil
0.9196919249243365,1,597.3234447507984,CS,nil,18439,nil
0.7542554076135275,1,601.3767580063959,SS,nil,18439,nil
1.020471194817219,1,607.4300551439246,CS,nil,18439,nil
1.0155300003007142,1,611.4833643359161,CP,nil,18439,nil
0.8822258113686985,1,619.5366570829865,CP,nil,18439,nil
1.1807745565911318,1,623.5899889902648,CS,nil,18439,nil
0.7962966542690992,1,627.6299669046202,US,nil,18439,nil
1.0708246754020365,1,633.683276040465,CS,nil,18439,nil
1.1139740893722774,1,641.7365802263903,CS,nil,18439,nil
0.900110177562965,1,645.7898802654927,CP,nil,18439,nil
1.3592218801059062,1,649.8432058021426,CS,nil,18439,nil
1.0391863052573171,1,657.883146373033,US,nil,18439,nil
0.8817945638129459,1,665.9364566438398,US,nil,18439,nil
1.0364013816051738,1,669.9897686632103,CP,nil,18439,nil
0.8545090766911017,1,676.0430561936646,CS,nil,18439,nil
0.9297662749777373,1,682.0963724972171,US,nil,18439,nil
0.9162411353627249,1,690.1496812460518,CS,nil,18439,nil
0.7828731649606198,1,698.2029816089998,CS,nil,18439,nil
0.8735178345486929,1,706.2562729874971,US,nil,18439,nil
0.8116752614332654,1,710.3095729303477,SS,nil,18439,nil
1.1101793280467973,1,718.3628707667012,US,nil,18439,nil
1.9083825431625883,1,0.5588335116872258,CP,nil,19718,nil
1.510968530302307,1,6.612127241676717,SS,nil,19718,nil
1.8575894184177741,0,10.665447079386468,CS,1.8575894184177741,19718,10.665447079386468
1.4888755843558101,1,18.70542207420658,US,nil,19718,nil
1.4172546895570122,1,22.745398494074834,SS,nil,19718,nil
1.705303079694204,0,28.785350102600205,SS,1.705303079694204,19718,28.785350102600205
1.785267678749733,1,36.825327482637476,US,nil,19718,nil
1.0492788231322265,1,42.86529609749414,SS,nil,19718,nil
1.4277854727988597,1,48.9185988840909,SS,nil,19718,nil
1.5872824051366479,1,54.95856311652369,US,nil,19718,nil
1.9477090251921254,1,60.99852105655373,CP,nil,19718,nil
1.1955557793980915,1,67.03848997520163,SS,nil,19718,nil
1.0034794624662027,0,71.0784844030104,CP,1.0034794624662027,19718,71.0784844030104
1.4381328018371278,1,79.13177769719732,CP,nil,19718,nil
1.1339318543668924,1,83.17176511072194,CS,nil,19718,nil
1.2166540716134477,1,91.22505079807979,CP,nil,19718,nil
0.9365844173808,1,97.2650052460076,SS,nil,19718,nil
1.027136389187035,1,101.31833408317652,CP,nil,19718,nil
1.037726237392235,1,107.37162832149079,US,nil,19718,nil
0.9684191027945417,1,115.42492339030377,SS,nil,19718,nil
1.0184435348137413,1,123.47821693414153,CP,nil,19718,nil
1.061074114524672,1,129.53150634487247,US,nil,19718,nil
1.8076382182889574,1,137.5847984299071,CS,nil,19718,nil
1.3274854961928213,1,143.62477964159916,CS,nil,19718,nil
0.8960432791482162,1,151.66472870281814,SS,nil,19718,nil
1.1220420836980338,1,157.71803570640805,CS,nil,19718,nil
0.8622378987893171,0,165.7713346072096,CP,0.8622378987893171,19718,165.7713346072096
1.6557399571547649,1,169.8246256207849,CS,nil,19718,nil
1.1036609782831874,0,177.86460218870525,CP,1.1036609782831874,19718,177.86460218870525
0.8982662988191805,1,181.9179186155243,CS,nil,19718,nil
0.8609469697676104,1,187.97121659258482,CS,nil,19718,nil
0.9594541290962297,1,192.02453606033032,US,nil,19718,nil
0.8420673539021664,1,200.07781441758198,SS,nil,19718,nil
0.924062293377574,1,208.13111533363644,US,nil,19718,nil
1.0146686349080483,1,216.18439735443735,US,nil,19718,nil
1.8013414998422377,1,220.23770696248175,CS,nil,19718,nil
0.7778101217172662,1,224.27771028748248,US,nil,19718,nil
1.2124396059061837,1,232.33099346028666,CP,nil,19718,nil
0.9158628421419053,1,236.37095624260564,US,nil,19718,nil
0.9189541742143774,1,244.42426483166128,CS,nil,19718,nil
0.8896210826223978,1,252.47752948218294,SS,nil,19718,nil
0.924140346837703,1,258.5308439241626,US,nil,19718,nil
0.870710612329276,1,262.5841542179951,SS,nil,19718,nil
0.969261647026542,1,268.6374513829378,US,nil,19718,nil
0.8120039766990885,1,274.69074343756074,SS,nil,19718,nil
0.9106060845269894,1,282.7440461583192,CS,nil,19718,nil
1.2329658820654004,0,290.79734585920596,SS,1.2329658820654004,19718,290.79734585920596
1.1444301619558246,1,298.8373006834481,US,nil,19718,nil
0.9209162516963261,1,304.8772700081545,SS,nil,19718,nil
0.9233232850292552,0,310.9305770839319,CP,0.9233232850292552,19718,310.9305770839319
1.6295665267462027,0,314.9838800927746,SS,1.6295665267462027,19718,314.9838800927746
2.109988970917584,1,323.0238537611376,CP,nil,19718,nil
1.0059823195797435,1,329.0637835507887,US,nil,19718,nil
0.9924276280171398,1,333.1171379034686,CS,nil,19718,nil
0.9792171837925707,0,337.1704422688472,CP,0.9792171837925707,19718,337.1704422688472
0.8618798755423995,1,345.2237131245447,SS,nil,19718,nil
1.4883153289574693,1,351.2770306345201,CP,nil,19718,nil
0.8483484165390109,1,355.31701107587105,SS,nil,19718,nil
1.1870313099479972,0,359.370334195135,CP,1.1870313099479972,19718,359.370334195135
0.8109155565507535,0,365.4102977508037,CP,0.8109155565507535,19718,365.4102977508037
0.925455702531508,1,371.46359131235386,SS,nil,19718,nil
1.0397011794075297,1,375.516911556123,CS,nil,19718,nil
0.9947618595806489,1,381.57019066800785,CS,nil,19718,nil
1.053341898214967,0,387.6235105872638,CP,1.053341898214967,19718,387.6235105872638
1.247786519526926,1,395.6768149262407,CS,nil,19718,nil
1.1519335207103722,1,399.7167845453814,US,nil,19718,nil
1.7517407642590115,1,407.7567430572353,CP,nil,19718,nil
1.1675765889749528,0,415.79668896323074,CP,1.1675765889749528,19718,415.79668896323074
1.7195168673006265,1,419.83669163252216,CS,nil,19718,nil
0.9830687204648711,1,425.8766529353179,CS,nil,19718,nil
0.8181468621532986,1,429.9299711608255,US,nil,19718,nil
1.1806033804787148,1,437.9832551487543,US,nil,19718,nil
0.948776466990239,1,442.02323335227175,SS,nil,19718,nil
1.3432391326723518,1,448.0765162480193,CS,nil,19718,nil
1.4312131024871633,1,456.1164919045641,CS,nil,19718,nil
1.0711668118228772,1,460.1564817063145,US,nil,19718,nil
1.0896883863933908,1,468.2097565203294,US,nil,19718,nil
1.3878642324325483,0,474.2630782713604,CS,1.3878642324325483,19718,474.2630782713604
1.7961615654803609,1,482.3030344641702,CP,nil,19718,nil
1.4357470369423027,1,488.34297279608836,US,nil,19718,nil
1.1961257922312143,0,492.3829661741602,SS,1.1961257922312143,19718,492.3829661741602
1.1080834481881539,1,496.42292756685765,US,nil,19718,nil
0.9106495327823723,1,502.47625096016964,US,nil,19718,nil
0.9452309089028859,1,510.52954839013637,SS,nil,19718,nil
1.0679825194347359,1,514.5828539977538,CS,nil,19718,nil
1.3104903645507875,1,522.636160911442,US,nil,19718,nil
1.0224361271712041,1,528.676117600211,SS,nil,19718,nil
1.6965486337721813,0,532.7294327637373,CP,1.6965486337721813,19718,532.7294327637373
0.8169618632573474,1,536.7694080075398,SS,nil,19718,nil
0.731554399468223,1,542.8227243594965,SS,nil,19718,nil
1.8781289862236008,1,546.8760232415825,CP,nil,19718,nil
1.918061220247182,0,550.916000843532,SS,1.918061220247182,19718,550.916000843532
1.1661950216894184,1,556.9559671964917,US,nil,19718,nil
1.1339092955631713,1,562.9959362504924,CP,nil,19718,nil
0.8721560841931932,1,571.0492314997755,SS,nil,19718,nil
1.5151432865004608,1,577.1025478487254,CP,nil,19718,nil
1.1631731767474776,1,581.142518595806,SS,nil,19718,nil
1.2270484282362304,1,587.1824882182891,CP,nil,19718,nil
0.9629122131691474,0,593.2224374716761,CP,0.9629122131691474,19718,593.2224374716761
1.1095966115008196,1,597.2757717079185,CS,nil,19718,nil
1.0082072101276935,1,601.3290845554075,SS,nil,19718,nil
0.8908209372430065,1,607.382391447707,CS,nil,19718,nil
1.021534460827752,0,611.435714948967,CP,1.021534460827752,19718,611.435714948967
1.2719935291324873,0,619.489010523097,CP,1.2719935291324873,19718,619.489010523097
1.2267023972481184,1,623.5423342950626,CS,nil,19718,nil
1.0046127174837238,1,627.6045185423336,US,nil,19718,nil
1.0505600669075648,1,633.6622520764122,CS,nil,19718,nil
1.183822951828006,1,641.7288859610717,CS,nil,19718,nil
1.7552197347749825,1,645.7734929843791,CP,nil,19718,nil
0.9706124651584105,1,649.8221642046938,CS,nil,19718,nil
1.076772006696956,1,657.8756610364344,US,nil,19718,nil
1.0150088397094805,1,665.9287645870236,US,nil,19718,nil
1.0502108927266818,1,669.9820771487675,CP,nil,19718,nil
1.58068178652411,1,676.0353438653419,CS,nil,19718,nil
1.204640468154139,1,682.0753372828503,US,nil,19718,nil
0.972530724421631,1,690.1153045775991,CS,nil,19718,nil
1.191056089205631,1,698.1685976883073,CS,nil,19718,nil
1.1749938994316835,1,706.2085561881304,US,nil,19718,nil
0.9831374405957831,1,710.2485024092803,SS,nil,19718,nil
1.4094950327180413,1,718.3018226386775,US,nil,19718,nil
1.9083825431625883,1,0.5588335116872258,CP,nil,20130,nil
1.510968530302307,1,6.612127241676717,SS,nil,20130,nil
1.8575894184177741,0,10.665447079386468,CS,1.8575894184177741,20130,10.665447079386468
1.4888755843558101,1,18.70542207420658,US,nil,20130,nil
1.4172546895570122,1,22.745398494074834,SS,nil,20130,nil
1.705303079694204,0,28.785350102600205,SS,1.705303079694204,20130,28.785350102600205
1.785267678749733,1,36.825327482637476,US,nil,20130,nil
1.0492788231322265,1,42.86529609749414,SS,nil,20130,nil
1.4277854727988597,1,48.9185988840909,SS,nil,20130,nil
1.5872824051366479,1,54.95856311652369,US,nil,20130,nil
1.9477090251921254,1,60.99852105655373,CP,nil,20130,nil
1.1955557793980915,1,67.03848997520163,SS,nil,20130,nil
1.0034794624662027,0,71.0784844030104,CP,1.0034794624662027,20130,71.0784844030104
1.4381328018371278,1,79.13177769719732,CP,nil,20130,nil
1.1339318543668924,1,83.17176511072194,CS,nil,20130,nil
1.2166540716134477,1,91.22505079807979,CP,nil,20130,nil
0.9365844173808,1,97.2650052460076,SS,nil,20130,nil
1.027136389187035,1,101.31833408317652,CP,nil,20130,nil
1.037726237392235,1,107.37162832149079,US,nil,20130,nil
0.9684191027945417,1,115.42492339030377,SS,nil,20130,nil
1.0184435348137413,1,123.47821693414153,CP,nil,20130,nil
1.061074114524672,1,129.53150634487247,US,nil,20130,nil
1.8076382182889574,1,137.5847984299071,CS,nil,20130,nil
1.3274854961928213,1,143.62477964159916,CS,nil,20130,nil
0.8960432791482162,1,151.66472870281814,SS,nil,20130,nil
1.1220420836980338,1,157.71803570640805,CS,nil,20130,nil
0.8622378987893171,0,165.7713346072096,CP,0.8622378987893171,20130,165.7713346072096
1.6557399571547649,1,169.8246256207849,CS,nil,20130,nil
1.1036609782831874,0,177.86460218870525,CP,1.1036609782831874,20130,177.86460218870525
0.8982662988191805,1,181.9179186155243,CS,nil,20130,nil
0.8609469697676104,1,187.97121659258482,CS,nil,20130,nil
0.9594541290962297,1,192.02453606033032,US,nil,20130,nil
0.8420673539021664,1,200.07781441758198,SS,nil,20130,nil
0.924062293377574,1,208.13111533363644,US,nil,20130,nil
1.0146686349080483,1,216.18439735443735,US,nil,20130,nil
1.8013414998422377,1,220.23770696248175,CS,nil,20130,nil
0.7778101217172662,1,224.27771028748248,US,nil,20130,nil
1.2124396059061837,1,232.33099346028666,CP,nil,20130,nil
0.9158628421419053,1,236.37095624260564,US,nil,20130,nil
0.9189541742143774,1,244.42426483166128,CS,nil,20130,nil
0.8896210826223978,1,252.47752948218294,SS,nil,20130,nil
0.924140346837703,1,258.5308439241626,US,nil,20130,nil
0.870710612329276,1,262.5841542179951,SS,nil,20130,nil
0.969261647026542,1,268.6374513829378,US,nil,20130,nil
0.8120039766990885,1,274.69074343756074,SS,nil,20130,nil
0.9106060845269894,1,282.7440461583192,CS,nil,20130,nil
1.2329658820654004,0,290.79734585920596,SS,1.2329658820654004,20130,290.79734585920596
1.1444301619558246,1,298.8373006834481,US,nil,20130,nil
0.9209162516963261,1,304.8772700081545,SS,nil,20130,nil
0.9233232850292552,0,310.9305770839319,CP,0.9233232850292552,20130,310.9305770839319
1.6295665267462027,0,314.9838800927746,SS,1.6295665267462027,20130,314.9838800927746
2.109988970917584,1,323.0238537611376,CP,nil,20130,nil
1.0059823195797435,1,329.0637835507887,US,nil,20130,nil
0.9924276280171398,1,333.1171379034686,CS,nil,20130,nil
0.9792171837925707,0,337.1704422688472,CP,0.9792171837925707,20130,337.1704422688472
0.8618798755423995,1,345.2237131245447,SS,nil,20130,nil
1.4883153289574693,1,351.2770306345201,CP,nil,20130,nil
0.8483484165390109,1,355.31701107587105,SS,nil,20130,nil
1.1870313099479972,0,359.370334195135,CP,1.1870313099479972,20130,359.370334195135
0.8109155565507535,0,365.4102977508037,CP,0.8109155565507535,20130,365.4102977508037
0.925455702531508,1,371.46359131235386,SS,nil,20130,nil
1.0397011794075297,1,375.516911556123,CS,nil,20130,nil
0.9947618595806489,1,381.57019066800785,CS,nil,20130,nil
1.053341898214967,0,387.6235105872638,CP,1.053341898214967,20130,387.6235105872638
1.247786519526926,1,395.6768149262407,CS,nil,20130,nil
1.1519335207103722,1,399.7167845453814,US,nil,20130,nil
1.7517407642590115,1,407.7567430572353,CP,nil,20130,nil
1.1675765889749528,0,415.79668896323074,CP,1.1675765889749528,20130,415.79668896323074
1.7195168673006265,1,419.83669163252216,CS,nil,20130,nil
0.9830687204648711,1,425.8766529353179,CS,nil,20130,nil
0.8181468621532986,1,429.9299711608255,US,nil,20130,nil
1.1806033804787148,1,437.9832551487543,US,nil,20130,nil
0.948776466990239,1,442.02323335227175,SS,nil,20130,nil
1.3432391326723518,1,448.0765162480193,CS,nil,20130,nil
1.4312131024871633,1,456.1164919045641,CS,nil,20130,nil
1.0711668118228772,1,460.1564817063145,US,nil,20130,nil
1.0896883863933908,1,468.2097565203294,US,nil,20130,nil
1.3878642324325483,0,474.2630782713604,CS,1.3878642324325483,20130,474.2630782713604
1.7961615654803609,1,482.3030344641702,CP,nil,20130,nil
1.4357470369423027,1,488.34297279608836,US,nil,20130,nil
1.1961257922312143,0,492.3829661741602,SS,1.1961257922312143,20130,492.3829661741602
1.1080834481881539,1,496.42292756685765,US,nil,20130,nil
0.9106495327823723,1,502.47625096016964,US,nil,20130,nil
0.9452309089028859,1,510.52954839013637,SS,nil,20130,nil
1.0679825194347359,1,514.5828539977538,CS,nil,20130,nil
1.3104903645507875,1,522.636160911442,US,nil,20130,nil
1.0224361271712041,1,528.676117600211,SS,nil,20130,nil
1.6965486337721813,0,532.7294327637373,CP,1.6965486337721813,20130,532.7294327637373
0.8169618632573474,1,536.7694080075398,SS,nil,20130,nil
0.731554399468223,1,542.8227243594965,SS,nil,20130,nil
1.8781289862236008,1,546.8760232415825,CP,nil,20130,nil
1.918061220247182,0,550.916000843532,SS,1.918061220247182,20130,550.916000843532
1.1661950216894184,1,556.9559671964917,US,nil,20130,nil
1.1339092955631713,1,562.9959362504924,CP,nil,20130,nil
0.8721560841931932,1,571.0492314997755,SS,nil,20130,nil
1.5151432865004608,1,577.1025478487254,CP,nil,20130,nil
1.1631731767474776,1,581.142518595806,SS,nil,20130,nil
1.2270484282362304,1,587.1824882182891,CP,nil,20130,nil
0.9629122131691474,0,593.2224374716761,CP,0.9629122131691474,20130,593.2224374716761
1.1095966115008196,1,597.2757717079185,CS,nil,20130,nil
1.0082072101276935,1,601.3290845554075,SS,nil,20130,nil
0.8908209372430065,1,607.382391447707,CS,nil,20130,nil
1.021534460827752,0,611.435714948967,CP,1.021534460827752,20130,611.435714948967
1.2719935291324873,0,619.489010523097,CP,1.2719935291324873,20130,619.489010523097
1.2267023972481184,1,623.5423342950626,CS,nil,20130,nil
1.0046127174837238,1,627.6045185423336,US,nil,20130,nil
1.0505600669075648,1,633.6622520764122,CS,nil,20130,nil
1.183822951828006,1,641.7288859610717,CS,nil,20130,nil
1.7552197347749825,1,645.7734929843791,CP,nil,20130,nil
0.9706124651584105,1,649.8221642046938,CS,nil,20130,nil
1.076772006696956,1,657.8756610364344,US,nil,20130,nil
1.0150088397094805,1,665.9287645870236,US,nil,20130,nil
1.0502108927266818,1,669.9820771487675,CP,nil,20130,nil
1.58068178652411,1,676.0353438653419,CS,nil,20130,nil
1.204640468154139,1,682.0753372828503,US,nil,20130,nil
0.972530724421631,1,690.1153045775991,CS,nil,20130,nil
1.191056089205631,1,698.1685976883073,CS,nil,20130,nil
1.1749938994316835,1,706.2085561881304,US,nil,20130,nil
0.9831374405957831,1,710.2485024092803,SS,nil,20130,nil
1.4094950327180413,1,718.3018226386775,US,nil,20130,nil
2.7101641214758274,0.0,0.6447270695607585,CP,2.7101641214758274,20373,0.6447270695607585
2.070164074686545,1.0,6.684696135593185,SS,nil,20373,nil
1.8381695162061078,1.0,10.724676288191404,CS,nil,20373,nil
1.933965726995666,1.0,18.76464649152149,US,nil,20373,nil
1.3339111066179612,1.0,22.804635096150378,SS,nil,20373,nil
1.1418703573981475,1.0,28.84462157156304,SS,nil,20373,nil
1.5044225100100448,1.0,36.89791798788792,US,nil,20373,nil
1.4803749640741444,1.0,42.93789891383494,SS,nil,20373,nil
1.1762649676838919,1.0,48.97787306913233,SS,nil,20373,nil
1.8240983874638914,1.0,55.017848614053946,US,nil,20373,nil
2.2080944842891768,1.0,61.057828042095935,CP,nil,20373,nil
1.3840092427581112,1.0,67.09780386072998,SS,nil,20373,nil
2.5920766818835546,1.0,71.13779059748958,CP,nil,20373,nil
1.0319939732908097,0.0,79.17776134824817,CP,1.0319939732908097,20373,79.17776134824817
2.090965817898905,1.0,83.23108245827461,CS,nil,20373,nil
2.0504102209761186,1.0,91.2710487544191,CP,nil,20373,nil
1.2343205863289768,1.0,97.31103200843427,SS,nil,20373,nil
2.0742610090310336,1.0,101.35101134891556,CP,nil,20373,nil
1.554676049234331,1.0,107.39099055738552,US,nil,20373,nil
1.4820160839262826,0.0,115.43096382871408,SS,1.4820160839262826,20373,115.43096382871408
1.674429925671575,1.0,123.47093614354708,CP,nil,20373,nil
1.7218506747594802,1.0,129.51090770307928,US,nil,20373,nil
1.6342086893164378,1.0,137.55088427701594,CS,nil,20373,nil
2.7543635095480568,0.0,143.59085717202834,CS,2.7543635095480568,20373,143.59085717202834
1.2335557646947564,1.0,151.6308338753006,SS,nil,20373,nil
3.800017253308397,nil,157.67081501781286,CS,nil,20373,nil
1.7587626249078312,1.0,165.7374438282459,CP,nil,20373,nil
2.6147344762030116,0.0,169.7774279181067,CS,2.6147344762030116,20373,169.7774279181067
1.191650134685915,0.0,177.81740841426654,CP,1.191650134685915,20373,177.81740841426654
1.7665803390846122,1.0,181.85738518605103,CS,nil,20373,nil
2.4944950470890035,1.0,187.89736329064363,CS,nil,20373,nil
2.1664465810881666,1.0,191.937356346878,US,nil,20373,nil
1.1583430361806677,1.0,199.97731909377035,SS,nil,20373,nil
1.9261593884730246,1.0,208.01729478039306,US,nil,20373,nil
1.214153867415007,1.0,216.05725924175567,US,nil,20373,nil
2.3100647958999616,1.0,220.0972486976043,CS,nil,20373,nil
1.3420442530186847,1.0,224.1372351997543,US,nil,20373,nil
1.4459306191474752,1.0,232.1772102727773,CP,nil,20373,nil
2.1179065544201876,1.0,236.21719335501257,US,nil,20373,nil
1.5503137361374684,1.0,244.25716469530562,CS,nil,20373,nil
1.5416981652160757,1.0,252.29713245927633,SS,nil,20373,nil
1.0615861963524367,1.0,258.3371092193647,US,nil,20373,nil
1.3287807625201822,1.0,262.39042872320533,SS,nil,20373,nil
1.904137093692043,1.0,268.4304028995575,US,nil,20373,nil
1.9440718543010007,1.0,274.4703800927746,SS,nil,20373,nil
1.2719750820469926,1.0,282.51034742060983,CS,nil,20373,nil
1.320248770460239,1.0,290.55032379903605,SS,nil,20373,nil
1.319814107439015,1.0,298.59029136148274,US,nil,20373,nil
1.1836463284289493,1.0,304.63026749293203,SS,nil,20373,nil
1.1836171132763411,1.0,310.6702455644372,CP,nil,20373,nil
0.9915082124080072,1.0,314.71023649112067,SS,nil,20373,nil
3.034523747903222,1.0,322.76353886296965,CP,nil,20373,nil
1.482438062883375,1.0,328.8035140619886,US,nil,20373,nil
1.233994076226736,1.0,332.843498118762,CS,nil,20373,nil
1.3938820458661212,1.0,336.88348317714735,CP,nil,20373,nil
0.865844834870586,1.0,344.9234536030581,SS,nil,20373,nil
1.180894316852573,0.0,350.9767685924635,CP,1.180894316852573,20373,350.9767685924635
1.3804171052543097,1.0,355.01674909096255,SS,nil,20373,nil
1.7802926505082723,1.0,359.0567351960781,CP,nil,20373,nil
1.8041828502973658,1.0,365.09671650101154,CP,nil,20373,nil
1.3161778930407309,1.0,371.13669388372364,SS,nil,20373,nil
1.0760851061768335,1.0,375.176672270718,CS,nil,20373,nil
1.59870976244747,1.0,381.22998902572726,CS,nil,20373,nil
1.7505645723176713,1.0,387.26996203202907,CP,nil,20373,nil
1.3584506931401847,1.0,395.3099330925943,CS,nil,20373,nil
1.35053661076563,1.0,399.34991940524924,US,nil,20373,nil
1.598325288252454,1.0,407.3898893258429,CP,nil,20373,nil
2.894198567933927,1.0,415.4298590779963,CP,nil,20373,nil
1.1422216821847542,1.0,419.4698449274438,CS,nil,20373,nil
1.6091475161920243,1.0,425.52316116209477,CS,nil,20373,nil
1.104714498458634,1.0,429.56314237646075,US,nil,20373,nil
1.451753614755944,1.0,437.6164479546678,US,nil,20373,nil
1.2033130690670077,1.0,441.65643147905575,SS,nil,20373,nil
1.3555443402456149,1.0,447.6964078300771,CS,nil,20373,nil
1.395516939488516,1.0,455.73638270157426,CS,nil,20373,nil
1.1232014076704218,1.0,459.776363669298,US,nil,20373,nil
1.7415573144007794,1.0,467.8296711935782,US,nil,20373,nil
1.149994296800287,1.0,473.8696454330948,CS,nil,20373,nil
0.9419323697111395,1.0,481.90962209425925,CP,nil,20373,nil
0.984088381381298,1.0,487.9629334532019,US,nil,20373,nil
0.8026412281342346,1.0,492.01624936267217,SS,nil,20373,nil
0.9652964771503321,1.0,496.0695678047432,US,nil,20373,nil
1.3277976017488982,1.0,502.1228820632441,US,nil,20373,nil
1.5597109846330568,1.0,510.1628581318637,SS,nil,20373,nil
1.1196945364263229,1.0,514.2028327470271,CS,nil,20373,nil
1.234305426811261,1.0,522.25613755222,US,nil,20373,nil
1.0342512312090548,1.0,528.2961193053216,SS,nil,20373,nil
0.948883359622414,1.0,532.3494321889048,CP,nil,20373,nil
1.1834709562917851,1.0,536.4027601417692,SS,nil,20373,nil
1.8152213449739065,0.0,542.4427338398764,SS,1.8152213449739065,20373,542.4427338398764
1.4472604275142658,1.0,546.4827137458306,CP,nil,20373,nil
0.9837849384057336,1.0,550.5226985335103,SS,nil,20373,nil
1.0579046447728615,1.0,556.576015351684,US,nil,20373,nil
1.7088954999362613,1.0,562.629321687531,CP,nil,20373,nil
1.1082255806795729,1.0,570.6692913494498,SS,nil,20373,nil
1.3829506664042128,1.0,576.7226057402968,CP,nil,20373,nil
1.238769958357807,1.0,580.7625882961584,SS,nil,20373,nil
1.8552298848990176,1.0,586.8025660759049,CP,nil,20373,nil
2.375127804476506,1.0,592.8425486591714,CP,nil,20373,nil
2.0951379211819585,1.0,596.8825287275504,CS,nil,20373,nil
1.2176484125284333,1.0,600.9358466612975,SS,nil,20373,nil
1.0012435902917787,1.0,606.975823785333,CS,nil,20373,nil
1.2838000006686343,1.0,611.0291544873635,CP,nil,20373,nil
1.291652596768472,0.0,619.0691179591468,CP,1.291652596768472,20373,619.0691179591468
1.483632226671034,1.0,623.1091056915029,CS,nil,20373,nil
1.7880802291310829,1.0,627.1490883135375,US,nil,20373,nil
1.6440200542747334,1.0,633.1890665354349,CS,nil,20373,nil
1.2513801158347633,1.0,641.2290426461641,CS,nil,20373,nil
0.9716503024537815,1.0,645.2690197999455,CP,nil,20373,nil
0.9020574500864313,1.0,649.3223423026011,CS,nil,20373,nil
1.2570389765987784,1.0,657.3756482086628,US,nil,20373,nil
0.9688902058023814,1.0,665.4156144626995,US,nil,20373,nil
0.8831514765151951,1.0,669.4689332536818,CP,nil,20373,nil
1.4696206531698408,1.0,675.5222431748753,CS,nil,20373,nil
1.1500911973889743,1.0,681.5622198086348,US,nil,20373,nil
0.9020354597651021,1.0,689.6021948184934,CS,nil,20373,nil
0.9761043727303331,1.0,697.655497939295,CS,nil,20373,nil
1.8350310602963873,1.0,705.7088010841599,US,nil,20373,nil
1.1946682228353893,1.0,709.7487821030154,SS,nil,20373,nil
1.1624297288271919,1.0,717.7887521890389,US,nil,20373,nil
1.5806542596183135,1,0.6462925966770854,CP,nil,18911,nil
0.9805720490476233,1,6.6862486569953035,SS,nil,18911,nil
1.4391287791131617,1,10.73956254724726,CS,nil,18911,nil
1.3111948936730187,1,18.7795060146982,US,nil,18911,nil
0.999131596467123,1,22.81950546526423,SS,nil,18911,nil
1.12964758018461,1,28.872827249120746,SS,nil,18911,nil
1.1402850088743435,1,36.9261178185061,US,nil,18911,nil
0.9669705070227792,1,42.97943247074909,SS,nil,18911,nil
1.1535195329797716,1,49.032719189082854,SS,nil,18911,nil
1.034623128365638,1,55.072701498911556,US,nil,18911,nil
1.227619292354575,1,61.12598857818921,CP,nil,18911,nil
1.0840644782892923,1,67.16595518703798,SS,nil,18911,nil
1.7746983256311069,1,71.2192913504241,CP,nil,18911,nil
1.4065326522213581,1,79.2592582099278,CP,nil,18911,nil
1.4781828001086978,1,83.29920319132907,CS,nil,18911,nil
1.3985000100256002,1,91.3391955092793,CP,nil,18911,nil
1.270613612528905,1,97.37915708900255,SS,nil,18911,nil
1.3420088360617228,1,101.41913651329924,CP,nil,18911,nil
1.1979134751709353,1,107.45909159907387,US,nil,18911,nil
2.7418210208652454,0,115.4990688296457,SS,2.7418210208652454,18911,115.4990688296457
2.0542032956018375,1,123.53902934559119,CP,nil,18911,nil
1.029714662266997,1,129.57901095459056,US,nil,18911,nil
1.1048515705988393,1,137.6323164098285,CS,nil,18911,nil
1.0674047704505938,1,143.6855957108055,CS,nil,18911,nil
1.2138123502354574,1,151.73889047914963,SS,nil,18911,nil
1.2054447598220577,1,157.77887971305063,CS,nil,18911,nil
1.2459048275995883,1,165.81884626274586,CP,nil,18911,nil
1.3334024313462578,1,169.85883379019288,CS,nil,18911,nil
0.9658200914400368,1,177.89877121186328,CP,nil,18911,nil
0.9684215031229542,1,181.95211837495845,CS,nil,18911,nil
1.3145499764377746,1,188.00541458005318,CS,nil,18911,nil
0.9390107741201064,1,192.04539058141745,US,nil,18911,nil
1.101613198448831,1,200.09866245400553,SS,nil,18911,nil
1.0396523145409446,1,208.1519789420381,US,nil,18911,nil
0.8748096672316024,1,216.20524502752232,US,nil,18911,nil
1.3094244668591273,1,220.25856553203812,CS,nil,18911,nil
1.3970218620597734,1,224.29853805031053,US,nil,18911,nil
1.0608529441851715,1,232.33854144015822,CP,nil,18911,nil
1.4555731068085151,1,236.39182825975695,US,nil,18911,nil
2.087885283590367,1,244.43178917875593,CS,nil,18911,nil
1.2079438865439442,1,252.47174450014427,SS,nil,18911,nil
1.5593145890779851,1,258.51174645123683,US,nil,18911,nil
0.9758022929854633,1,262.55172583342573,SS,nil,18911,nil
1.2099489407355577,1,268.6050265863905,US,nil,18911,nil
0.9700755381545605,1,274.6449809833666,SS,nil,18911,nil
0.956970375680612,1,282.69830204634127,CS,nil,18911,nil
1.0550470467933337,1,290.751563409498,SS,nil,18911,nil
1.2100855091775884,1,298.80487662799896,US,nil,18911,nil
1.0100457804874168,1,304.8448565586168,SS,nil,18911,nil
1.4841682992610004,1,310.8981657215336,CP,nil,18911,nil
0.8366534174201661,1,314.9381453563801,SS,nil,18911,nil
1.0626688015709078,1,322.99143994425503,CP,nil,18911,nil
1.1699619055725634,1,329.0447191369476,US,nil,18911,nil
1.4413401658330258,1,333.08472555971093,CS,nil,18911,nil
1.2492941036107368,1,337.12469975335625,CP,nil,18911,nil
0.961302555670045,1,345.1646508667618,SS,nil,18911,nil
1.0043319654287188,1,351.2179649535283,CP,nil,18911,nil
1.302448798363912,1,355.2712785339736,SS,nil,18911,nil
0.9425683965164353,1,359.31123098386706,CP,nil,18911,nil
1.5451359127328033,0,365.3645668294248,CP,1.5451359127328033,18911,365.3645668294248
1.1450152447887376,1,371.4045036274674,SS,nil,18911,nil
0.8654901101872383,1,375.4445258233991,CS,nil,18911,nil
1.1795799045521562,1,381.4978261612814,CS,nil,18911,nil
1.660067016913672,1,387.5377822366372,CP,nil,18911,nil
1.0838723939486954,1,395.5777394349243,CS,nil,18911,nil
1.1020787535471754,1,399.63108598141116,US,nil,18911,nil
1.0887708017926343,1,407.6843447848878,CP,nil,18911,nil
1.2117846830224153,1,415.73765038450256,CP,nil,18911,nil
1.8752462557276885,1,419.7776363869689,CS,nil,18911,nil
1.1792188933122816,1,425.81759261572734,CS,nil,18911,nil
0.9477195359886537,1,429.8575709571978,US,nil,18911,nil
1.254158191881288,1,437.9108954761923,US,nil,18911,nil
0.8378351898463734,1,441.95085890474184,SS,nil,18911,nil
0.864946708910793,1,448.0041944555287,CS,nil,18911,nil
1.955008022940092,1,456.05746287209513,CS,nil,18911,nil
0.9635714344440203,1,460.09743158543824,US,nil,18911,nil
0.9660567671635363,1,468.1507515655867,US,nil,18911,nil
0.9446781058559282,1,474.2040439146167,CS,nil,18911,nil
0.9547058763382665,1,482.2573417479616,CP,nil,18911,nil
1.2539381315218634,1,488.3106253441474,US,nil,18911,nil
0.9179428989664302,1,492.35061417700126,SS,nil,18911,nil
0.9199800920396228,1,496.4039380382801,US,nil,18911,nil
0.8911186296227243,1,502.45724132385476,US,nil,18911,nil
0.8612451969638641,1,510.51054267939253,SS,nil,18911,nil
0.8803266605846147,1,514.5638500005007,CS,nil,18911,nil
0.7944691745451564,1,522.6171261773234,US,nil,18911,nil
0.8854991738426179,1,528.6704438705019,SS,nil,18911,nil
1.1121535698166554,1,532.7237656593716,CP,nil,18911,nil
0.8504326331731136,1,536.777069229689,SS,nil,18911,nil
0.9095835620973958,1,542.830359521351,SS,nil,18911,nil
0.775650542916992,1,546.8836856054295,CP,nil,18911,nil
1.8421925535640185,1,550.9369982203552,SS,nil,18911,nil
0.7866686722336453,1,556.9769745746398,US,nil,18911,nil
1.0047289746235037,1,563.0302648632933,CP,nil,18911,nil
1.215922504736227,1,571.0835637223154,SS,nil,18911,nil
1.1118360881901026,1,577.1235332728411,CP,nil,18911,nil
0.8180154222518468,1,581.1768546466283,SS,nil,18911,nil
1.1811030168737489,1,587.2301598782815,CP,nil,18911,nil
0.9644674129467603,1,593.2701296213108,CP,nil,18911,nil
0.9196919249243365,1,597.3234447507984,CS,nil,18911,nil
0.7542554076135275,1,601.3767580063959,SS,nil,18911,nil
1.020471194817219,1,607.4300551439246,CS,nil,18911,nil
1.0155300003007142,1,611.4833643359161,CP,nil,18911,nil
0.8822258113686985,1,619.5366570829865,CP,nil,18911,nil
1.1807745565911318,1,623.5899889902648,CS,nil,18911,nil
0.7962966542690992,1,627.6299669046202,US,nil,18911,nil
1.0708246754020365,1,633.683276040465,CS,nil,18911,nil
1.1139740893722774,1,641.7365802263903,CS,nil,18911,nil
0.900110177562965,1,645.7898802654927,CP,nil,18911,nil
1.3592218801059062,1,649.8432058021426,CS,nil,18911,nil
1.0391863052573171,1,657.883146373033,US,nil,18911,nil
0.8817945638129459,1,665.9364566438398,US,nil,18911,nil
1.0364013816051738,1,669.9897686632103,CP,nil,18911,nil
0.8545090766911017,1,676.0430561936646,CS,nil,18911,nil
0.9297662749777373,1,682.0963724972171,US,nil,18911,nil
0.9162411353627249,1,690.1496812460518,CS,nil,18911,nil
0.7828731649606198,1,698.2029816089998,CS,nil,18911,nil
0.8735178345486929,1,706.2562729874971,US,nil,18911,nil
0.8116752614332654,1,710.3095729303477,SS,nil,18911,nil
1.1101793280467973,1,718.3628707667012,US,nil,18911,nil
1.2272367701807525,0.0,0.5598229648621782,CP,1.2272367701807525,19621,0.5598229648621782
3.2910978159743536,0.0,6.599794521385775,SS,3.2910978159743536,19621,6.599794521385775
1.5737046765243576,1.0,10.653094429146222,CS,nil,19621,nil
2.93359939174843,1.0,18.693043003095227,US,nil,19621,nil
0.9657194757674006,1.0,22.733043539827122,SS,nil,19621,nil
1.6083199479980976,0.0,28.786338818854347,SS,1.6083199479980976,19621,28.786338818854347
1.7121507382580603,1.0,36.82629172108682,US,nil,19621,nil
1.2884592447662726,1.0,42.86625443456069,SS,nil,19621,nil
1.7039459481038648,0.0,48.90623045772736,SS,1.7039459481038648,19621,48.90623045772736
2.5199355570184707,1.0,54.94619352913287,US,nil,19621,nil
3.800118331784688,nil,60.98615895567855,CP,nil,19621,nil
0.9224729625220789,1.0,67.03946275591807,SS,nil,19621,nil
1.5091575968017423,1.0,71.09277218349234,CP,nil,19621,nil
0.8850541972751671,0.0,79.13271134290153,CP,0.8850541972751671,19621,79.13271134290153
1.1436658005204663,0.0,83.18602431671934,CS,1.1436658005204663,19621,83.18602431671934
1.7355074343795422,0.0,91.22599257397633,CP,1.7355074343795422,19621,91.22599257397633
1.623485434365648,1.0,97.26595420462763,SS,nil,19621,nil
0.8635395266992418,0.0,101.30592823025472,CP,0.8635395266992418,19621,101.30592823025472
3.8001056266675732,nil,107.3592370987044,US,nil,19621,nil
1.6765840266962186,1.0,115.41249413939113,SS,nil,19621,nil
1.9005354333639843,1.0,123.45248570139483,CP,nil,19621,nil
3.8000337272478646,nil,129.4924312280691,US,nil,19621,nil
1.5991068184393953,1.0,137.54571998041683,CS,nil,19621,nil
1.1830049034469994,0.0,143.58568823132373,CS,1.1830049034469994,19621,143.58568823132373
0.9029620490746311,1.0,151.62565090302087,SS,nil,19621,nil
1.3939677813505114,1.0,157.67894475633148,CS,nil,19621,nil
1.2573700225257198,0.0,165.71889293324602,CP,1.2573700225257198,19621,165.71889293324602
1.2814274311713234,0.0,169.7588800369631,CS,1.2814274311713234,19621,169.7588800369631
1.08195137257826,0.0,177.79883237372087,CP,1.08195137257826,19621,177.79883237372087
1.979981784517804,1.0,181.852138098644,CS,nil,19621,nil
1.9637808941988624,1.0,187.8920984660017,CS,nil,19621,nil
1.819874555339993,1.0,191.93209086050956,US,nil,19621,nil
1.092248789511359,1.0,199.97202804677545,SS,nil,19621,nil
3.8000460112707515,nil,208.02532163272372,US,nil,19621,nil
1.2728584366595896,1.0,216.07859413972437,US,nil,19621,nil
1.7287579066105536,1.0,220.11857326664904,CS,nil,19621,nil
2.016852310689501,1.0,224.15856102006,US,nil,19621,nil
1.7606939111283282,1.0,232.19851643985385,CP,nil,19621,nil
1.2486973657996714,1.0,236.23848914804694,US,nil,19621,nil
1.24065492684349,0.0,244.27845162724225,CS,1.24065492684349,19621,244.27845162724225
1.0246533898371126,1.0,252.31838801041522,SS,nil,19621,nil
0.8755169939649932,0.0,258.37170711153885,US,0.8755169939649932,19621,258.37170711153885
0.709807027316856,1.0,262.4250116844578,SS,nil,19621,nil
1.6162845560756978,1.0,268.4783179571423,US,nil,19621,nil
1.2727794808452018,1.0,274.5182698363733,SS,nil,19621,nil
1.3687017712836678,1.0,282.5582277586909,CS,nil,19621,nil
1.0721615527800168,1.0,290.59817376394494,SS,nil,19621,nil
3.800164718701126,nil,298.65149010420646,US,nil,19621,nil
3.800106234250052,nil,304.70476933339705,SS,nil,19621,nil
3.8000408438001614,nil,310.75808565527586,CP,nil,19621,nil
1.0750996293681965,1.0,314.811382082964,SS,nil,19621,nil
1.5810034540045308,0.0,322.8646841028949,CP,1.5810034540045308,19621,322.8646841028949
1.5015625289925083,1.0,328.9046385117217,US,nil,19621,nil
1.0215807875865721,0.0,332.94458966873754,CS,1.0215807875865721,19621,332.94458966873754
1.0397067439134844,0.0,336.99793172837235,CP,1.0397067439134844,19621,336.99793172837235
0.8181913631542557,1.0,345.0512060551173,SS,nil,19621,nil
0.8051829104533681,0.0,351.10449700285426,CP,0.8051829104533681,19621,351.10449700285426
1.9834258851406048,0.0,355.157835874179,SS,1.9834258851406048,19621,355.157835874179
3.8000824813352665,nil,359.1978112082161,CP,nil,19621,nil
2.2179792555944005,1.0,365.25110008655975,CP,nil,19621,nil
2.737943010781237,0.0,371.29106114572096,SS,2.737943010781237,19621,371.29106114572096
3.800080824014003,nil,375.33103930111247,CS,nil,19621,nil
1.2045263837735547,1.0,381.3843347756483,CS,nil,19621,nil
0.708457920645742,0.0,387.42430117372714,CP,0.708457920645742,19621,387.42430117372714
1.7588926538501255,1.0,395.47759642601704,CS,nil,19621,nil
3.8001114167600463,nil,399.5175761785722,US,nil,19621,nil
2.6095351563071745,0.0,407.57087748564663,CP,2.6095351563071745,19621,407.57087748564663
0.8900761989589228,0.0,415.6108061476916,CP,0.8900761989589228,19621,415.6108061476916
2.0599573411363963,1.0,419.6641359894802,CS,nil,19621,nil
0.9559567626274657,0.0,425.70409332794225,CS,0.9559567626274657,19621,425.70409332794225
1.1265855018755246,1.0,429.7573899000072,US,nil,19621,nil
2.049231508466619,1.0,437.8106740684052,US,nil,19621,nil
1.0891967608895357,1.0,441.8506606758292,SS,nil,19621,nil
1.6837382293178962,1.0,447.9039704345996,CS,nil,19621,nil
1.515605856264301,1.0,455.94392708159285,CS,nil,19621,nil
2.1236092394174193,1.0,459.98388815545877,US,nil,19621,nil
1.2759268158988561,1.0,468.02385697819045,US,nil,19621,nil
1.4040272540423757,1.0,474.0638183922765,CS,nil,19621,nil
1.0113495130626688,0.0,482.1037754603676,CP,1.0113495130626688,19621,482.1037754603676
2.789935202094057,1.0,488.1570837332656,US,nil,19621,nil
1.093986882140598,1.0,492.19705821006755,SS,nil,19621,nil
2.096687765106253,0.0,496.25034867621616,US,2.096687765106253,19621,496.25034867621616
1.392976890427235,0.0,502.29032807117255,US,1.392976890427235,19621,502.29032807117255
1.0403432029488613,1.0,510.3302873379944,SS,nil,19621,nil
3.800114454679715,nil,514.383607891572,CS,nil,19621,nil
1.0856908762161765,0.0,522.4368889558791,US,1.0856908762161765,19621,522.4368889558791
2.264201554718966,0.0,528.4901949939522,SS,2.264201554718966,19621,528.4901949939522
0.8481146020640153,0.0,532.53016472739,CP,0.8481146020640153,19621,532.53016472739
0.8347944197885226,1.0,536.5834707320428,SS,nil,19621,nil
1.3093578434454685,1.0,542.6367604435563,SS,nil,19621,nil
2.0693085034981777,1.0,546.6767444281431,CP,nil,19621,nil
0.9092458608774905,1.0,550.7167187244759,SS,nil,19621,nil
1.2238866645730013,1.0,556.7700247836037,US,nil,19621,nil
0.9278898455304443,0.0,562.8099804497069,CP,0.9278898455304443,19621,562.8099804497069
0.8584487477364746,1.0,570.8632656407717,SS,nil,19621,nil
1.613029299707705,0.0,576.9165764342397,CP,1.613029299707705,19621,576.9165764342397
1.812969049991807,0.0,580.9565433192529,SS,1.812969049991807,19621,580.9565433192529
0.9249033096275525,0.0,586.996503530203,CP,0.9249033096275525,19621,586.996503530203
0.9680194961547386,0.0,593.0498155448549,CP,0.9680194961547386,19621,593.0498155448549
0.7142336330034595,0.0,597.103129977475,CS,0.7142336330034595,19621,597.103129977475
3.8000806676081993,nil,601.1564414563964,SS,nil,19621,nil
0.9914652634543017,0.0,607.2097533597589,CS,0.9914652634543017,19621,607.2097533597589
1.1140976431888703,0.0,611.263031183953,CP,1.1140976431888703,19621,611.263031183953
0.8765235948358168,0.0,619.316348074648,CP,0.8765235948358168,19621,619.316348074648
3.8001508585712145,nil,623.3696523437775,CS,nil,19621,nil
1.4102954461286572,1.0,627.4229412217846,US,nil,19621,nil
1.9697031966661598,1.0,633.4629292191657,CS,nil,19621,nil
1.0657847806614882,0.0,641.5028719428647,CS,1.0657847806614882,19621,641.5028719428647
0.8524241365830676,0.0,645.5561941447377,CP,0.8524241365830676,19621,645.5561941447377
1.5348745543378755,1.0,649.609515351016,CS,nil,19621,nil
1.0788546594794752,0.0,657.6494465907799,US,1.0788546594794752,19621,657.6494465907799
1.2253791610128246,1.0,665.7027507402636,US,nil,19621,nil
1.5693336797921802,0.0,669.7427107373223,CP,1.5693336797921802,19621,669.7427107373223
1.2898014544571197,1.0,675.7826806425419,CS,nil,19621,nil
2.097177952864513,1.0,681.8226634513976,US,nil,19621,nil
1.001720528511214,0.0,689.8626187057598,CS,1.001720528511214,19621,689.8626187057598
3.80002556096224,nil,697.9159093169528,CS,nil,19621,nil
1.4063112486546743,1.0,705.969186389857,US,nil,19621,nil
3.800025239122988,nil,710.0091566917763,SS,nil,19621,nil
1.1768950109963043,1.0,718.0624642280891,US,nil,19621,nil
1.601516006777274,1.0,0.5598681248056891,CP,nil,20126,nil
1.0240774391158993,1.0,6.599846235674704,SS,nil,20126,nil
1.443177788027242,1.0,10.653166992851766,CS,nil,20126,nil
1.5146285575347065,1.0,18.69314683122957,US,nil,20126,nil
1.2271397778204118,1.0,22.73312671272015,SS,nil,20126,nil
1.1630078153984869,1.0,28.77313433060317,SS,nil,20126,nil
2.035031313728723,1.0,36.813100284743086,US,nil,20126,nil
0.8023847722552091,1.0,42.85309565465832,SS,nil,20126,nil
0.9649054341834926,1.0,48.90642407684027,SS,nil,20126,nil
1.3920334442891544,1.0,54.95974157751698,US,nil,20126,nil
1.2794851231710709,1.0,60.99972753286056,CP,nil,20126,nil
3.1273263086659426,0.0,67.03971655921941,SS,3.1273263086659426,20126,67.03971655921941
1.3038490941362397,1.0,71.07970528078295,CP,nil,20126,nil
1.3832709983053064,0.0,79.11968976929802,CP,1.3832709983053064,20126,79.11968976929802
1.5357115471379075,1.0,83.15968317408442,CS,nil,20126,nil
1.4712195450119907,1.0,91.19974696156987,CP,nil,20126,nil
1.5516346654767403,1.0,97.23965183729524,SS,nil,20126,nil
1.9435032204046365,1.0,101.27964707987849,CP,nil,20126,nil
1.6953189915684561,1.0,107.3196423745976,US,nil,20126,nil
1.310823409097793,1.0,115.35961192011109,SS,nil,20126,nil
1.1991834407799615,1.0,123.39960552542107,CP,nil,20126,nil
1.239262991407486,1.0,129.43957313889223,US,nil,20126,nil
1.2786338954665553,1.0,137.47956841656742,CS,nil,20126,nil
1.4305088240307668,0.0,143.51956179829358,CS,1.4305088240307668,20126,143.51956179829358
1.2469920422299765,1.0,151.55954124565142,SS,nil,20126,nil
1.2308623056178476,1.0,157.59953592977672,CS,nil,20126,nil
1.150265706493883,1.0,165.639524289395,CP,nil,20126,nil
1.830269082304767,1.0,169.6795063666168,CS,nil,20126,nil
0.8867922999033908,0.0,177.71948864736987,CP,0.8867922999033908,20126,177.71948864736987
1.137664719919485,1.0,181.77280158112717,CS,nil,20126,nil
1.4199317177826742,1.0,187.826126721744,CS,nil,20126,nil
1.0678167767873674,1.0,191.86612828382113,US,nil,20126,nil
1.4937325990831596,1.0,199.91960418191502,SS,nil,20126,nil
0.9979020052332999,1.0,207.95942203250524,US,nil,20126,nil
0.9928580595351377,1.0,216.01273717602908,US,nil,20126,nil
2.779500502310839,1.0,220.0660749726785,CS,nil,20126,nil
1.043602813342659,1.0,224.10605738076356,US,nil,20126,nil
3.2940876728262083,1.0,232.15937798052892,CP,nil,20126,nil
1.0381198959275935,1.0,236.19936029236305,US,nil,20126,nil
1.080646757035538,1.0,244.2526765006669,CS,nil,20126,nil
0.875237858811488,1.0,252.30597734186267,SS,nil,20126,nil
1.0852635849569197,1.0,258.3593201656322,US,nil,20126,nil
0.7998978664309107,1.0,262.41264946209594,SS,nil,20126,nil
1.0744759953477114,1.0,268.4659612448486,US,nil,20126,nil
1.2771697761154428,1.0,274.5192823248681,SS,nil,20126,nil
3.0769812861572063,0.0,282.5592788477925,CS,3.0769812861572063,20126,282.5592788477925
0.8770062312632945,1.0,290.59926224445826,SS,nil,20126,nil
1.4156650938948587,1.0,298.6525768435613,US,nil,20126,nil
1.0875283339519228,1.0,304.6925398309586,SS,nil,20126,nil
1.4821900029073731,0.0,310.7458706503976,CP,1.4821900029073731,20126,310.7458706503976
0.8985317989945543,1.0,314.78586224145056,SS,nil,20126,nil
1.5005332888840712,1.0,322.8391982744961,CP,nil,20126,nil
1.4050405117359333,1.0,328.8791725293013,US,nil,20126,nil
1.2928669176544645,1.0,332.9191600176464,CS,nil,20126,nil
1.0768992490402525,1.0,336.9591667863124,CP,nil,20126,nil
0.8796297115468406,1.0,345.0124823088263,SS,nil,20126,nil
2.641642791686536,1.0,351.065805271759,CP,nil,20126,nil
0.906114845747652,1.0,355.1058016422867,SS,nil,20126,nil
3.800094330202228,nil,359.159116308565,CP,nil,20126,nil
1.703550320336035,0.0,365.2124198979336,CP,1.703550320336035,20126,365.2124198979336
0.9587794082553955,1.0,371.2524117366329,SS,nil,20126,nil
1.4413057530146034,1.0,375.3057359618606,CS,nil,20126,nil
1.1618656172613555,1.0,381.3457472854152,CS,nil,20126,nil
0.9852686211006585,1.0,387.38573521691615,CP,nil,20126,nil
1.2597356550595578,1.0,395.43903898174267,CS,nil,20126,nil
1.0443339105067935,1.0,399.47902628660813,US,nil,20126,nil
1.014898658499078,1.0,407.5323554286688,CP,nil,20126,nil
1.0733057068946437,1.0,415.5856673748485,CP,nil,20126,nil
1.276191975054644,1.0,419.63900722585913,CS,nil,20126,nil
0.8755632149905068,1.0,425.67898051213706,CS,nil,20126,nil
1.182174671894245,1.0,429.732283134982,US,nil,20126,nil
0.9665988600245328,1.0,437.77229481145787,US,nil,20126,nil
0.7932452561190075,1.0,441.8256255396582,SS,nil,20126,nil
0.8993286327322494,1.0,447.8789402640896,CS,nil,20126,nil
0.9498229920091035,1.0,455.93225134701606,CS,nil,20126,nil
1.1369961198724923,1.0,459.9855754007958,US,nil,20126,nil
0.95552040525763,1.0,468.03890380292523,US,nil,20126,nil
0.8941524980200484,1.0,474.0922241851231,CS,nil,20126,nil
1.0566871013343189,1.0,482.14552707165694,CP,nil,20126,nil
1.7153264580556424,1.0,488.1988640902755,US,nil,20126,nil
0.9873054291701919,1.0,492.2388351106383,SS,nil,20126,nil
0.917786484725184,1.0,496.2921876638029,US,nil,20126,nil
0.9839904109730924,1.0,502.34549524759586,US,nil,20126,nil
0.9230680205328099,1.0,510.3988080510135,SS,nil,20126,nil
1.0617340187891386,1.0,514.4521140516745,CS,nil,20126,nil
0.9198482639694703,1.0,522.5054661195718,US,nil,20126,nil
0.938325065420031,1.0,528.5587724490924,SS,nil,20126,nil
0.741576824511867,0.0,532.6121176450533,CP,0.741576824511867,20126,532.6121176450533
1.680074796217923,1.0,536.6654326391881,SS,nil,20126,nil
0.8801427094722385,1.0,542.7054195901301,SS,nil,20126,nil
0.9386369855319572,1.0,546.7587503995428,CP,nil,20126,nil
0.9892268470712224,1.0,550.812067159286,SS,nil,20126,nil
1.0079741385006855,1.0,556.8653907418366,US,nil,20126,nil
1.0823371208853132,1.0,562.918875671503,CP,nil,20126,nil
1.3089724591181948,1.0,570.9720199841586,SS,nil,20126,nil
1.0610622635076652,1.0,577.0120058522743,CP,nil,20126,nil
0.9515399031470224,1.0,581.0653454716812,SS,nil,20126,nil
0.9297212023384418,1.0,587.1186803727733,CP,nil,20126,nil
0.9082688517028146,1.0,593.1719853246977,CP,nil,20126,nil
0.8715423174489842,1.0,597.2253167988447,CS,nil,20126,nil
0.7135155736468732,1.0,601.2786409669234,SS,nil,20126,nil
0.8846579111477695,1.0,607.3319558357316,CS,nil,20126,nil
1.1028516989345007,1.0,611.3852770290459,CP,nil,20126,nil
0.9058572624544468,1.0,619.438574946611,CP,nil,20126,nil
0.9963501348520367,1.0,623.4919246693871,CS,nil,20126,nil
1.015074945607921,1.0,627.545251261793,US,nil,20126,nil
0.9452055384554114,1.0,633.5985666509587,CS,nil,20126,nil
0.8523779574688888,1.0,641.6518897953656,CS,nil,20126,nil
2.3184091077710036,1.0,645.7052134671494,CP,nil,20126,nil
0.9903296393586061,1.0,649.7451985101115,CS,nil,20126,nil
0.713451289866498,1.0,657.798514531928,US,nil,20126,nil
0.7474180972340037,1.0,665.851848799366,US,nil,20126,nil
0.9266675543167366,1.0,669.9051757737698,CP,nil,20126,nil
0.833102063385013,1.0,675.958491081723,CS,nil,20126,nil
0.9000263156840447,1.0,682.0118164840233,US,nil,20126,nil
1.1265379620808744,1.0,690.0650966191761,CS,nil,20126,nil
1.1448648251935083,1.0,698.1184509309296,CS,nil,20126,nil
1.840905768054654,1.0,706.1584216705605,US,nil,20126,nil
1.9683693790793768,1.0,710.1983885310665,SS,nil,20126,nil
0.9601905322897437,1.0,718.2383907989852,US,nil,20126,nil
2.4658727709320374,0.0,0.6498114749501838,CP,2.4658727709320374,19582,0.6498114749501838
1.2891381936842663,1.0,6.68977864326007,SS,nil,19582,nil
1.1929634646421619,1.0,10.729774243776774,CS,nil,19582,nil
1.2654892459322582,1.0,18.76972999228019,US,nil,19582,nil
1.2809274386163452,1.0,22.809729124013757,SS,nil,19582,nil
1.6168547478919209,1.0,28.84970460000659,SS,nil,19582,nil
1.177357716640472,1.0,36.88964890965508,US,nil,19582,nil
1.2407905613654293,1.0,42.92964757316622,SS,nil,19582,nil
0.9287806895990798,1.0,48.96962368983077,SS,nil,19582,nil
1.075353204865678,1.0,55.02292786272301,US,nil,19582,nil
1.42187695485336,1.0,61.076238986755925,CP,nil,19582,nil
0.9023888890005765,1.0,67.11620938850501,SS,nil,19582,nil
1.2005232246156083,1.0,71.16953054271653,CP,nil,19582,nil
1.4648788036774931,1.0,79.20950358636037,CP,nil,19582,nil
1.7123901793675032,1.0,83.24947193876142,CS,nil,19582,nil
1.3927808710723184,0.0,91.28946308364903,CP,1.3927808710723184,19582,91.28946308364903
1.4482039964295836,1.0,97.32944172389944,SS,nil,19582,nil
3.8000709351417754,nil,101.36942473656381,CP,nil,19582,nil
1.203322513762032,1.0,107.42274402691146,US,nil,19582,nil
2.0906794022394024,1.0,115.46269703225516,SS,nil,19582,nil
1.7386734386745957,1.0,123.50266811478105,CP,nil,19582,nil
1.1146256349074974,1.0,129.5426534023809,US,nil,19582,nil
2.1492914446698705,1.0,137.59594732251207,CS,nil,19582,nil
1.8851284642914834,1.0,143.6359281434543,CS,nil,19582,nil
1.4131380483067915,1.0,151.67589114388647,SS,nil,19582,nil
1.293103921234433,1.0,157.7158758028454,CS,nil,19582,nil
0.9974736572457914,1.0,165.75582989703253,CP,nil,19582,nil
0.8395764675788087,1.0,169.80915214610286,CS,nil,19582,nil
1.2745668635143375,1.0,177.8624636110253,CP,nil,19582,nil
2.346189789350319,1.0,181.90242279248923,CS,nil,19582,nil
1.1224934348647366,1.0,187.94239073080826,CS,nil,19582,nil
1.092693080941899,1.0,191.99572822667142,US,nil,19582,nil
1.1273039683565003,1.0,200.0490467028958,SS,nil,19582,nil
1.537901397647147,1.0,208.10233284773312,US,nil,19582,nil
1.0182318050101458,1.0,216.14230271508677,US,nil,19582,nil
1.3403798323615774,1.0,220.19561560372676,CS,nil,19582,nil
1.460417800459254,1.0,224.2356226070042,US,nil,19582,nil
0.9165168439631088,1.0,232.27557036064172,CP,nil,19582,nil
1.1510730737227277,1.0,236.32888602552703,US,nil,19582,nil
1.3509550346407195,1.0,244.36885800138407,CS,nil,19582,nil
1.0953694813451875,1.0,252.4088257301555,SS,nil,19582,nil
0.9855140225990908,1.0,258.4621419976138,US,nil,19582,nil
1.156106738586459,1.0,262.5154511414803,SS,nil,19582,nil
0.8520427596013178,1.0,268.5554392203667,US,nil,19582,nil
0.9425008883172268,1.0,274.6089332668271,SS,nil,19582,nil
1.4331908461099374,1.0,282.6620490319747,CS,nil,19582,nil
1.0012102226828574,1.0,290.7020198257451,SS,nil,19582,nil
1.1477749085115647,1.0,298.75530617211007,US,nil,19582,nil
0.9076752915116231,1.0,304.7952908250536,SS,nil,19582,nil
2.694346257731013,0.0,310.8485960206144,CP,2.694346257731013,19582,310.8485960206144
1.37488540891718,1.0,314.8885867063036,SS,nil,19582,nil
1.2062642456821777,1.0,322.928559325841,CP,nil,19582,nil
1.2381292032187048,1.0,328.96854142511984,US,nil,19582,nil
0.878126845065708,1.0,333.00852141489304,CS,nil,19582,nil
1.0332860094840726,1.0,337.0618259928415,CP,nil,19582,nil
0.8193281594958535,0.0,345.11514603013893,SS,0.8193281594958535,19582,345.11514603013893
1.3263690391922864,1.0,351.1684521821953,CP,nil,19582,nil
1.2140071867561346,1.0,355.20843074624827,SS,nil,19582,nil
1.037910480352366,1.0,359.24840640471666,CP,nil,19582,nil
1.7768715216716373,1.0,365.30170393928165,CP,nil,19582,nil
1.1604502010250144,1.0,371.3417083778677,SS,nil,19582,nil
0.9683234050862666,1.0,375.38169728591674,CS,nil,19582,nil
0.8913978122891422,1.0,381.4350042290389,CS,nil,19582,nil
1.117656314982014,1.0,387.4883119602164,CP,nil,19582,nil
0.9926928984641563,1.0,395.54161159827163,CS,nil,19582,nil
0.866820458397342,1.0,399.5949324095891,US,nil,19582,nil
2.6694519997199677,1.0,407.6482329620321,CP,nil,19582,nil
1.2537079196699779,1.0,415.688202856456,CP,nil,19582,nil
0.8532815819289681,1.0,419.7281744513184,CS,nil,19582,nil
0.9678997343071387,1.0,425.78148888699616,CS,nil,19582,nil
0.8990947693473572,1.0,429.83480081011476,US,nil,19582,nil
0.89328470908913,1.0,437.88810865960295,US,nil,19582,nil
0.9838506903015514,1.0,441.9414333029217,SS,nil,19582,nil
1.082401888928871,1.0,447.99474673698387,CS,nil,19582,nil
0.8529284211781487,1.0,456.04804645023614,CS,nil,19582,nil
0.8076535126674571,1.0,460.10135401497973,US,nil,19582,nil
0.9782587864319794,1.0,468.1546628420183,US,nil,19582,nil
0.8848661687006825,1.0,474.20799031672686,CS,nil,19582,nil
0.8559246764052659,1.0,482.2612747831845,CP,nil,19582,nil
1.169984329098952,1.0,488.3145840634061,US,nil,19582,nil
1.1625516207295732,1.0,492.3545672595483,SS,nil,19582,nil
1.041940422503103,1.0,496.3945542455822,US,nil,19582,nil
0.8206627367435431,1.0,502.4478471600887,US,nil,19582,nil
1.0156616208296327,1.0,510.5011737484838,SS,nil,19582,nil
1.4018014959037828,1.0,514.5544820651903,CS,nil,19582,nil
0.8897128475327918,1.0,522.5944590731815,US,nil,19582,nil
0.9483527817610593,1.0,528.6477665908023,SS,nil,19582,nil
0.8390058753338963,1.0,532.7010772987505,CP,nil,19582,nil
1.0736206408728322,1.0,536.7544030279041,SS,nil,19582,nil
0.868726307662655,1.0,542.8077219663337,SS,nil,19582,nil
1.0628608528259065,1.0,546.8610385245502,CP,nil,19582,nil
0.7937969771101052,1.0,550.9143503754804,SS,nil,19582,nil
0.812544921243898,1.0,556.9676621462022,US,nil,19582,nil
0.7591423375015438,1.0,563.0209722776453,CP,nil,19582,nil
1.1053024112934509,1.0,571.0742831740845,SS,nil,19582,nil
2.747838508506902,0.0,577.1275881831589,CP,2.747838508506902,19582,577.1275881831589
0.9483733223714808,1.0,581.1675523757021,SS,nil,19582,nil
1.7509508527255093,1.0,587.2208751461312,CP,nil,19582,nil
1.1264671001317765,1.0,593.2608434634403,CP,nil,19582,nil
1.3695542977184232,1.0,597.3141642176088,CS,nil,19582,nil
1.576991136866127,1.0,601.3541527827638,SS,nil,19582,nil
1.0013970252348372,1.0,607.3941343075439,CS,nil,19582,nil
0.9635545634100708,1.0,611.4474459298781,CP,nil,19582,nil
0.894242910997491,1.0,619.5007617351293,CP,nil,19582,nil
1.9288084630898084,1.0,623.5540678530979,CS,nil,19582,nil
0.8888149079084542,1.0,627.5940560633262,US,nil,19582,nil
1.0513973480792629,1.0,633.647376180832,CS,nil,19582,nil
0.8859073782568885,1.0,641.7006775694572,CS,nil,19582,nil
1.024561982774685,1.0,645.7539596757542,CP,nil,19582,nil
1.0752307492548425,1.0,649.8073127402531,CS,nil,19582,nil
1.0937947091915703,1.0,657.8606035743305,US,nil,19582,nil
1.016868683263965,1.0,665.9139013475178,US,nil,19582,nil
1.0030584054384235,1.0,669.9672285836041,CP,nil,19582,nil
3.8001008632527373,nil,676.0205437471814,CS,nil,19582,nil
1.160323314850757,1.0,682.073844824994,US,nil,19582,nil
0.9682120183679217,1.0,690.1138144848064,CS,nil,19582,nil
3.1231774872412643,0.0,698.1671243074434,CS,3.1231774872412643,19582,698.1671243074434
0.9947498711644585,1.0,706.207107782313,US,nil,19582,nil
1.0373390669647051,1.0,710.2603901322454,SS,nil,19582,nil
0.8158856174613902,1.0,718.3137117937822,US,nil,19582,nil
